Fold,Method,Alpha,Budget,N_ESTIMATORS,White,Alchy,Junky,Super,Married,Felon,Workrel,Propty,Person,Male,Priors,School,Rule,Age,Tservd,Follow
1,Baseline,0.0,0.3,100,0.06383028866257838,0.06252393587914354,0.05054258217107599,0.0481211532848572,0.040306793392360006,0.03838373009859126,0.03347600957916578,0.03433114211285615,0.02076704457363221,0.017434675105506697,0.08292256782615641,0.10879453053270416,0.08075077983952132,0.11114037618881316,0.12644384921112428,0.08023054154191354
1,Baseline (OAF),0.0,0.3,100,0.0,0.17057392154330364,0.1282136475395726,0.0,0.0,0.0,0.11089151559988644,0.0,0.0,0.0,0.0,0.2871121339364976,0.3032087813807397,0.0,0.0,0.0
1,RACT,0.02,0.3,100,0.06200747298306764,0.0571943314479639,0.049638296189812844,0.04932495223142482,0.03960586228673549,0.0402131788088188,0.02998593742830025,0.03041781449469147,0.022416071760370526,0.017911999425688826,0.07881361035937702,0.12645776850979154,0.08810494631448715,0.10800031703362123,0.12152268523283169,0.07838475549301682
1,RACT,0.04,0.3,100,0.06517239624187289,0.05486489752836551,0.046808629722822376,0.04698197415626494,0.03611878381868903,0.03842262460276525,0.031599039135026534,0.029823114896808927,0.021526954938672495,0.017549107793063415,0.07671674998933505,0.12384771774476441,0.08928607663115277,0.11082137889398636,0.1294729977700868,0.08098755613632318
1,RACT,0.06,0.3,100,0.05920679318300985,0.056455079760340254,0.04917469962021951,0.044478693811246806,0.038608498099464775,0.03974150100340018,0.031249175917636794,0.03481418709802342,0.019889296576404522,0.016982336942816516,0.07926478701914111,0.12702231275242348,0.0897546577433893,0.10934070304435702,0.12816598878719174,0.07585128864093486
1,RACT,0.08,0.3,100,0.05661525166196942,0.054942252213829375,0.047404326294989654,0.049221195078610856,0.038541626191651045,0.038391849725675394,0.03230798307210078,0.03259172547187821,0.02059917078619698,0.0207824900246673,0.07594547845111378,0.12397596905375026,0.08944219259751462,0.11053455179590195,0.12602026824648038,0.08268366933366998
1,RACT,0.1,0.3,100,0.05643790215724984,0.05492819575948742,0.051423337623142364,0.047333468544637845,0.038110938705441764,0.035903176481329874,0.032252040256722146,0.031379089562517774,0.02287517077622504,0.017053846001941195,0.0775242906307309,0.1340754035272346,0.08733805363088795,0.10632814504100599,0.12796660145313973,0.07907033984830562
1,Baseline,0.0,0.3,400,0.06353096629636865,0.05669645150048348,0.051105568605217276,0.052246514635009,0.03996967107991156,0.04284495696147023,0.03368946011277374,0.03368467043438769,0.022699289938554964,0.01941879377999751,0.08243304311709729,0.10676129132941103,0.08140944879383288,0.1094656724479115,0.1284198094124586,0.07562439155511456
1,Baseline (OAF),0.0,0.3,400,0.0,0.16067663565060034,0.1367957139007502,0.0,0.0,0.0,0.12706758838954188,0.0,0.0,0.0,0.0,0.2927311424356985,0.2827289196234091,0.0,0.0,0.0
1,RACT,0.02,0.3,400,0.06034865942549075,0.05524218374633156,0.0472648326440902,0.049326233708120025,0.03678950577177711,0.037155188846369966,0.030681660905066247,0.031702573316654964,0.022169375900633226,0.01838818977667323,0.07859892342088032,0.12375910874103989,0.0864727844680189,0.11117588785077806,0.1280935977892427,0.08283129368883276
1,RACT,0.04,0.3,400,0.06056344650483576,0.05543791764423268,0.0485097228575994,0.048832479904039786,0.036438100605627674,0.037592604411589174,0.031051353381149515,0.03147444400244989,0.021809143871766124,0.0187237039008746,0.07700690728299978,0.12592726698807538,0.0857207375457606,0.11188377572141954,0.12897584009150687,0.08005255528607329
1,RACT,0.06,0.3,400,0.06059233224322561,0.056035939528097975,0.04776135108690059,0.04966538886988952,0.0387084158396398,0.03798307725334943,0.03140194766376795,0.032278128545807076,0.020195239717015912,0.0192517559882924,0.07624921512400613,0.12735097169077583,0.08407689212319028,0.11054584666602292,0.12782842478520842,0.08007507287481018
1,RACT,0.08,0.3,400,0.059567878887726744,0.05463527227750893,0.047694173792419456,0.04766794502622903,0.037906217937254634,0.039313778908332146,0.03248814466530843,0.03214922069796407,0.021396649272725735,0.01919165858657771,0.07628125402442239,0.12653875992895847,0.08769887772905649,0.10916138596081867,0.12759932070307756,0.08070946160161949
1,RACT,0.1,0.3,400,0.057655494742155325,0.05507410132162624,0.04799532284640295,0.04750883968762855,0.03795084275932326,0.03816933304266903,0.032289255336882816,0.03242574047416313,0.02056599528222742,0.01914672917511617,0.07627094318239819,0.13082614667866002,0.08960759718276087,0.10986311285652407,0.12574738112497302,0.07890316430648894
2,Baseline,0.0,0.3,100,0.06695008800080944,0.05948390469477425,0.04936085809358491,0.05262435246927845,0.04094823953850846,0.04184949188710686,0.03282489543140166,0.03538996857585311,0.02401742008073977,0.018456507402748682,0.08120006334683257,0.10688083166853098,0.07832629572556875,0.10684468439461406,0.12831604503384111,0.07652635365580687
2,Baseline (OAF),0.0,0.3,100,0.0,0.19161442226648207,0.1372597495348812,0.0,0.0,0.0,0.12176880669065902,0.0,0.0,0.0,0.0,0.2820407439552224,0.2673162775527554,0.0,0.0,0.0
2,RACT,0.02,0.3,100,0.06520534242343186,0.05435024858128593,0.04822494615154199,0.042860856127915604,0.03912114616892894,0.03942376754054373,0.03351003215776068,0.03182668506192108,0.023491771198078073,0.016295527360510154,0.07929859417724704,0.12346172345261973,0.08826180752058527,0.11185579370817297,0.12635672351903277,0.07645503485042408
2,RACT,0.04,0.3,100,0.060034083904071854,0.05502465915253829,0.04915722951237005,0.048344781182971,0.038542065044853475,0.03578713113449945,0.030316554475158936,0.030967544725416726,0.019611297484030957,0.017929394618591436,0.07624508361454739,0.1286914354597771,0.08618244976242949,0.11285455817812304,0.13024899467364376,0.08006273707697703
2,RACT,0.06,0.3,100,0.060314333660099154,0.0575880660450253,0.04999049662834151,0.04636233281861084,0.03694186449905058,0.03778994865433292,0.032203952600165696,0.03269301995880938,0.021390051329438567,0.01841878308323063,0.07574349334147291,0.12353669110346775,0.08668208859616397,0.11179390188207396,0.1275723245085027,0.08097865129121405
2,RACT,0.08,0.3,100,0.06356138829549715,0.05519019166271355,0.04778920778891718,0.04503765286884174,0.03896426273379756,0.036522363425183196,0.03363411940133456,0.032570351738049,0.021191398885134355,0.019149166859902637,0.07533736392608358,0.12662895546071234,0.08446020411907505,0.1113375665234585,0.12832906604359917,0.08029674026770048
2,RACT,0.1,0.3,100,0.06263778995718654,0.056235610724765614,0.044775559448397104,0.04547354326198166,0.03939681827384712,0.03845985790705043,0.031061848519176472,0.0337734878177746,0.02246288144843554,0.01736861753089206,0.07652159749224237,0.1299118308582813,0.08552499710158638,0.11202358803342732,0.12344972667010456,0.08092224495485084
2,Baseline,0.0,0.3,400,0.06243942785671891,0.05773592781215936,0.05337347156730136,0.051187144497846955,0.037992721424816765,0.04273001932706786,0.0340149022883435,0.03471724524492623,0.023459587874661698,0.018637498481834887,0.08281243308178717,0.10696458386334874,0.08003866373111246,0.11029773791275746,0.12718292356862854,0.07641571146668816
2,Baseline (OAF),0.0,0.3,400,0.0,0.16952713438961137,0.14544561657521485,0.0,0.0,0.0,0.12274735180663049,0.0,0.0,0.0,0.0,0.2856735263666644,0.2766063708618789,0.0,0.0,0.0
2,RACT,0.02,0.3,400,0.05916279596564322,0.05774426490725703,0.04859653742774118,0.04521807287095214,0.037204469756458046,0.03762444677699238,0.03155823436581704,0.03261455677242749,0.021036953533595023,0.01824694446018735,0.07879755156957907,0.12411792572512444,0.08596717458875243,0.11304441505376499,0.12942007579224316,0.07964558043346501
2,RACT,0.04,0.3,400,0.06077040905575509,0.05780828587114212,0.04870033887025396,0.048280145588387946,0.03618269318947602,0.03912373814068155,0.03121176263840937,0.03171913749586343,0.021993712520293838,0.019073269846308076,0.07738461877208513,0.12629165415675359,0.08523653417902038,0.10833656668265067,0.1283898997243894,0.07949723326852937
2,RACT,0.06,0.3,400,0.06166021580885901,0.054420103251752214,0.04837436529058046,0.04686595191962012,0.03699377428770639,0.03730135038522653,0.0315408014275981,0.03343546568110384,0.021089323780318036,0.019462845494019512,0.07612550516816156,0.1292902272370714,0.08483083850346315,0.110142528011014,0.1287593216989634,0.07970738205454236
2,RACT,0.08,0.3,400,0.06005965092820535,0.0569523499168732,0.04845510218518135,0.04805003770188861,0.03747028239807312,0.03783415734248207,0.0326825168248875,0.03176358522697042,0.0214858775466846,0.018283677290637634,0.07640584647089947,0.12870896074096558,0.08547294854376956,0.10784938176786138,0.12738346416703994,0.0811421609475803
2,RACT,0.1,0.3,400,0.05871619985867789,0.05659970910014051,0.04908306427779231,0.04718417164515856,0.037747903469112,0.037427789193512515,0.032837215901314304,0.03205615475681364,0.020071344738121305,0.018364851179596266,0.07701865878644203,0.1252172029207888,0.08908077832549735,0.11241494031098863,0.12731351341458857,0.07886650212145523
3,Baseline,0.0,0.3,100,0.06680647209100864,0.0577303983219596,0.050976255819485006,0.049974718616371865,0.04013083096025015,0.040966225775895,0.03492954544873964,0.03320930871592078,0.021071843549648004,0.019144852663141303,0.08470653415699643,0.10892335616264054,0.07778106813179676,0.11044962568062333,0.1261303212997158,0.07706864260580724
3,Baseline (OAF),0.0,0.3,100,0.0,0.16131337712580032,0.13012012287950137,0.0,0.0,0.0,0.1233310787719702,0.0,0.0,0.0,0.0,0.3081501362456296,0.2770852849770985,0.0,0.0,0.0
3,RACT,0.02,0.3,100,0.05639665889815199,0.05492726247420149,0.050073687916409995,0.04860485093984709,0.037873036470309936,0.03902506935907193,0.030909409738054373,0.030943560311462552,0.0211682637847152,0.019081753343148614,0.0784852051862724,0.12369107719274246,0.08710592080296234,0.11067660892907989,0.12869075881551906,0.08234687583805066
3,RACT,0.04,0.3,100,0.06050759659908857,0.05978655954682016,0.0497149327548658,0.045896550967166626,0.039386558299385685,0.03689809196475351,0.030447404485417676,0.028254168622824323,0.019434056831883515,0.016515913387402315,0.08044551085673547,0.12946481972291296,0.08871863916590479,0.11005826511860047,0.12705431297482842,0.07741661870140973
3,RACT,0.06,0.3,100,0.05843126213911686,0.05047901646868423,0.05081063231784009,0.04764627613121967,0.03663173491416848,0.0385271966960222,0.031398649831486554,0.030575259190113703,0.020026218819546634,0.0187769416001616,0.07625960929668524,0.13252856147456984,0.09126793966491799,0.11289204145680774,0.12678317006105355,0.0769654899376056
3,RACT,0.08,0.3,100,0.06278005327452937,0.055112655212963185,0.05251107274533057,0.04775286704134568,0.034776752795611224,0.03775033831404394,0.03149344285673621,0.030657664832458412,0.02065431042675939,0.020264000775331137,0.07870726373920449,0.12505926406374768,0.08792784660499366,0.10553721064320436,0.1278104947614747,0.08120476191226601
3,RACT,0.1,0.3,100,0.05911235552265958,0.05905711233429535,0.04812010664313058,0.04567851784025097,0.038553756321492556,0.03693163192909738,0.03224934433031249,0.033335377363540905,0.019718888437508283,0.01853784801627195,0.07664775260081261,0.12860558753975712,0.08559174662794411,0.105875939433568,0.13255574139661438,0.0794282936627438
3,Baseline,0.0,0.3,400,0.06466876384484525,0.059750838533150843,0.0537008210772161,0.05064635969504712,0.04057581730503023,0.041482313963133566,0.033095146338184785,0.033224373179539794,0.02255925279138962,0.018117035117001766,0.08291156045504001,0.10513900629671094,0.08124512098602371,0.10856541109380023,0.12791616196160457,0.07640201736228143
3,Baseline (OAF),0.0,0.3,400,0.0,0.1686224988921874,0.14548966592801058,0.0,0.0,0.0,0.12133310935713258,0.0,0.0,0.0,0.0,0.2881603373155403,0.27639438850712905,0.0,0.0,0.0
3,RACT,0.02,0.3,400,0.06138872686504512,0.055950121042027415,0.050399691199896846,0.04734116603684564,0.036097989707166725,0.0386540292420502,0.030516884838566388,0.032205396427779844,0.020203256914437463,0.01618468795528285,0.07933613597617689,0.12449043224749598,0.08738384626353364,0.10897336663717681,0.13070980956570305,0.08016445908081517
3,RACT,0.04,0.3,400,0.06356374528751738,0.058087064680830774,0.049622763629027906,0.045982651990468214,0.037730306842710275,0.03790532633784796,0.031456719935853805,0.0325452275067121,0.02111247615164293,0.017745301756020557,0.07844853334667673,0.12228736823193731,0.0866424753578302,0.1085634073172539,0.12748836923921092,0.08081826238845899
3,RACT,0.06,0.3,400,0.06014105899237139,0.056352126227007374,0.04936191725108629,0.047544469742872464,0.035618276862458796,0.03769477138822285,0.03075040465096478,0.03256230756352836,0.02162334182545432,0.017880684395283918,0.07939932054772166,0.12544557256622493,0.08694895943591803,0.11011644428265209,0.12777581338535376,0.08078453088287897
3,RACT,0.08,0.3,400,0.0623032993411008,0.05702245617267598,0.049782503561680035,0.04641933836399722,0.037088111276712354,0.03690908958540242,0.031870974491127635,0.030851895301868097,0.020629816980344537,0.018093066480641466,0.07686717515818538,0.12782171370264303,0.08823361877233879,0.111271855938298,0.12778049032995883,0.07705459454302549
3,RACT,0.1,0.3,400,0.060088088680670754,0.0575801901663551,0.04833573347463452,0.04681911201551314,0.03724382486452995,0.036904941403024694,0.032007740890767626,0.03189519266382383,0.021641190533983598,0.01873168745978126,0.0766785708022422,0.13153861408127057,0.08871390737838736,0.10761205715660241,0.12487701475937904,0.07933213366903402
4,Baseline,0.0,0.3,100,0.061195351604443796,0.061428587837644,0.046993194944873494,0.051794007669977035,0.03970481997468305,0.04494428470836905,0.03474418000268313,0.034403940981268456,0.023819872805592317,0.018509457799583517,0.08186847105430103,0.1056204047120813,0.08256400197340351,0.10874657209859905,0.1262327751167486,0.07743007671574863
4,Baseline (OAF),0.0,0.3,100,0.0,0.1721178473518406,0.13757393593836795,0.0,0.0,0.0,0.1251644296333322,0.0,0.0,0.0,0.0,0.27266441463220137,0.292479372444258,0.0,0.0,0.0
4,RACT,0.02,0.3,100,0.0618904760007537,0.054472938984564935,0.05053578762855417,0.04767180047398078,0.040341844050055774,0.038571510536050894,0.03067938637233945,0.030263393343704016,0.02160368414314798,0.017955557514817408,0.07821187697679552,0.12772104642739157,0.08641946827977097,0.1102371697362542,0.1271224503396443,0.0763016091921742
4,RACT,0.04,0.3,100,0.061406966449204584,0.055807985066081374,0.047326110014982235,0.046464726958750376,0.03561919907994673,0.03981420179291719,0.034029400265296,0.030361195487431426,0.021913520636731375,0.01733861551154535,0.07768794701758637,0.12375719606952636,0.08406172416484971,0.11319956863413029,0.12973846184350324,0.08147318100751731
4,RACT,0.06,0.3,100,0.0642193447190077,0.056023449317869005,0.04456604034617159,0.04628498935476391,0.0357360140780092,0.037955019809612904,0.030179620661817962,0.031185123612648896,0.02288228231249746,0.017586219642909625,0.07625274255781384,0.12450002547453147,0.09123601742827553,0.11315492938657375,0.12870538036710777,0.07953280093038932
4,RACT,0.08,0.3,100,0.06100708716062847,0.05587354543876417,0.04961131095709218,0.0451897823098688,0.03891112860602054,0.03734723018919563,0.030648866643117126,0.03161726311155075,0.022324149029291532,0.01703782715061186,0.0765031948387381,0.12882229890889846,0.08630714479976294,0.11391605205616465,0.12721161789968613,0.07767150090060879
4,RACT,0.1,0.3,100,0.06300169438174548,0.056038336588015124,0.04580872719545352,0.045754124631334284,0.03711648466721639,0.037351187280867476,0.02915550374758765,0.030778009706590507,0.021495683355709515,0.019046376420657107,0.0755577129522335,0.13950724292217687,0.08921511076182015,0.1065781193424667,0.12237267980573684,0.081223006240389
4,Baseline,0.0,0.3,400,0.06648530804680566,0.05610890743251099,0.054705231352518445,0.04912729451160307,0.04172742455826288,0.04074694685142999,0.03440701231438737,0.03421648598717307,0.022834189297370362,0.017495335194824962,0.0832361654182232,0.10709398270204525,0.08028262358421309,0.1088276797647448,0.1253290120121553,0.07737640097173171
4,Baseline (OAF),0.0,0.3,400,0.0,0.17884525223952136,0.13827187224627793,0.0,0.0,0.0,0.11898952668825023,0.0,0.0,0.0,0.0,0.28614621462610595,0.2777471341998445,0.0,0.0,0.0
4,RACT,0.02,0.3,400,0.06268825949834755,0.05786589182192492,0.049204749582674456,0.047210706926024214,0.03610075252850116,0.038303510286113694,0.03125562610134183,0.031911446579028585,0.022124361202906045,0.016379367844949734,0.07744698765966504,0.12230845353327675,0.08629447664530579,0.11156324584454103,0.12856814923068302,0.08077401471471608
4,RACT,0.04,0.3,400,0.06092851283128867,0.05691973061076367,0.049702847448842395,0.04760660043217609,0.03682883713710047,0.03681271093490204,0.031917201707684154,0.033148208625519114,0.022701569947503063,0.016046976335722697,0.07716110581722153,0.1246553988991898,0.08408486652349585,0.11108564553493076,0.13124097962901096,0.07915880758464859
4,RACT,0.06,0.3,400,0.06558771105989003,0.05452143690429236,0.04922926897354974,0.04850467798174934,0.03758993971719492,0.037381372366333376,0.031011051952129377,0.0314483040426059,0.02135912127530264,0.01657632262992682,0.0768110827414385,0.12643183843377787,0.08680743408651984,0.10920587927355012,0.1264862697259853,0.08104828883575384
4,RACT,0.08,0.3,400,0.06082578184440972,0.056650677123583126,0.04938263793965086,0.047738071649923865,0.03817011589091519,0.03731932350918338,0.032293219064670926,0.031486024691050433,0.020284911496625323,0.017494158215777746,0.07576748291288826,0.13243206852546088,0.0844983236266803,0.11049161220044207,0.12593018689765828,0.07923540441107965
4,RACT,0.1,0.3,400,0.06014792047143053,0.055312313049964514,0.04928977842254735,0.048144619379933716,0.037738588122446355,0.038267364621996335,0.03221158597728774,0.03204308850982996,0.021220096661314053,0.017576991115248103,0.07750834009409337,0.1311966722449103,0.08574191536941286,0.11107446976187978,0.12552329248901664,0.07700296370868842
5,Baseline,0.0,0.3,100,0.06256337499844122,0.058664098421746455,0.05004602321801411,0.05199498387934074,0.039608628562357084,0.044144456107544874,0.03265586511853617,0.03699423050312451,0.022840410955809878,0.019820663689077665,0.08540889862581783,0.10960453690438259,0.07806995751660534,0.10642869224456421,0.1240032299277817,0.07715194932685555
5,Baseline (OAF),0.0,0.3,100,0.0,0.17932039594007093,0.13397003196809207,0.0,0.0,0.0,0.10803352476995998,0.0,0.0,0.0,0.0,0.302278639715359,0.27639740760651804,0.0,0.0,0.0
5,RACT,0.02,0.3,100,0.058203103937644315,0.05915866352949974,0.05061547316525667,0.0499641997149173,0.037664930403097645,0.03877666266359471,0.030483981587296163,0.03169231421811548,0.02182813054296828,0.01953751626681371,0.07432697032681568,0.12153640620885536,0.08744183300826239,0.11126907523190649,0.12418416419353533,0.0833165750014207
5,RACT,0.04,0.3,100,0.06518612189203836,0.05784334428517055,0.04933594276785107,0.04658048324156989,0.03665123772979618,0.03828694317627392,0.029754512181071252,0.03261533762005622,0.021899269087459088,0.020846053317869286,0.07546636249124694,0.1251173972693069,0.08490584205488139,0.10866421731912357,0.125936090249236,0.08091084531704935
5,RACT,0.06,0.3,100,0.05792277750501845,0.05815830530114704,0.049057480791302135,0.047378423773908114,0.03891892543853903,0.03738044542304427,0.03150391620328738,0.030921603706605964,0.02367199719955164,0.01899959589033015,0.07323121953096806,0.12839458093364584,0.0854272120779275,0.10714930151631791,0.12674027482301084,0.08514393988539579
5,RACT,0.08,0.3,100,0.05691292807166029,0.057847848151696794,0.04736110264954815,0.04887996749275765,0.03463170182746388,0.03974816053016113,0.03177067807241371,0.032471519172384306,0.020006328081209057,0.01802761382904447,0.07776027102404053,0.1287494150794952,0.0835242205432788,0.11221320686830473,0.13095601046054928,0.07913902814599208
5,RACT,0.1,0.3,100,0.058703320870495165,0.05833296986751754,0.052023628103649404,0.04855620270388451,0.04223257655431526,0.037214158836021485,0.03101235424928244,0.0306953070364026,0.02090425532269716,0.017165000265009892,0.07304529990773419,0.13128422047574698,0.08189784128735493,0.10975756694031387,0.12980578274084448,0.07736951483873006
5,Baseline,0.0,0.3,400,0.06454835516760465,0.05918596403875877,0.05219496652024756,0.04881321039505722,0.04101029029789932,0.03982726306566672,0.034914142419973426,0.03384536825300408,0.022627941413739,0.018163549654723842,0.08456030699307736,0.10715554496628628,0.07875641588177477,0.10960390276765766,0.1266077064060486,0.07818507175848084
5,Baseline (OAF),0.0,0.3,400,0.0,0.17418646837762652,0.13244040982230576,0.0,0.0,0.0,0.12188896153539402,0.0,0.0,0.0,0.0,0.2886416018172674,0.2828425584474063,0.0,0.0,0.0
5,RACT,0.02,0.3,400,0.06340443877162526,0.05595556628042377,0.048708391323061456,0.047241868722897665,0.037359245983137876,0.03747346766788201,0.030881845439373987,0.032803520814315285,0.020463942574124493,0.019780608467332796,0.07807789368770789,0.1253893785086628,0.08470050628025298,0.10940328267122594,0.12768019289310734,0.08067584991486841
5,RACT,0.04,0.3,400,0.05993019829898209,0.05481813028917646,0.050323414024026084,0.04787136556299535,0.03664225491809819,0.03944475796207856,0.02943969167310505,0.03252650985827626,0.02143073587839235,0.019168645831627727,0.07703170435850777,0.1253275325719181,0.08471087474891571,0.11156105809060264,0.12893529341809315,0.0808378325152045
5,RACT,0.06,0.3,400,0.061843487884554654,0.0558879818344825,0.04795118294764588,0.04799763449638443,0.03758128190337278,0.037913390989197486,0.029827552085686607,0.03244714809072832,0.022175797610959194,0.018930661089517617,0.07622269878988323,0.12879334239249773,0.08590557117834177,0.10753649436901405,0.1281437535714838,0.08084202076625001
5,RACT,0.08,0.3,400,0.06102851916136747,0.05468379795573207,0.04785563688588003,0.04768174991637254,0.035787992830833226,0.03940134325425451,0.030074661133575886,0.032957893952290006,0.021654851372348148,0.017860340855443125,0.07844270068481601,0.13322764197596787,0.08283104017824662,0.11064867463937311,0.1249753687240843,0.08088778647941505
5,RACT,0.1,0.3,400,0.06159485901273439,0.05612123864826631,0.049422274989831524,0.046618934685512564,0.03726256138627644,0.03742335382572471,0.030586278252562615,0.0315441185741231,0.02118763042166523,0.018675676583897596,0.07669173160297803,0.13089707858373742,0.08608184412361107,0.11003109875222872,0.1258087192273227,0.08005260132952753
6,Baseline,0.0,0.3,100,0.0635512667963951,0.057831140608085974,0.049388837741155364,0.050855218982890964,0.03862953153728512,0.042155519037892754,0.033303290783342605,0.034656610292876304,0.021816410557539984,0.0179666147601035,0.08597005926505344,0.10716083654721499,0.0797556716317637,0.110621629167162,0.12695554973012915,0.07938181256110918
6,Baseline (OAF),0.0,0.3,100,0.0,0.17521755022627533,0.13775300205963192,0.0,0.0,0.0,0.11534378880813546,0.0,0.0,0.0,0.0,0.2850311343906897,0.28665452451526763,0.0,0.0,0.0
6,RACT,0.02,0.3,100,0.060543246473479556,0.05582884004970319,0.05226342785156347,0.04461789481113073,0.03960629044162399,0.03914887680694314,0.030334638998388407,0.02982788975644273,0.021889268021649526,0.017920878445535512,0.07852864183371627,0.12284643033954089,0.08713639598991373,0.10761042394466938,0.13093592593065004,0.08096093030504943
6,RACT,0.04,0.3,100,0.062065110884470816,0.05614640574868504,0.04494909149431745,0.0463050125378253,0.03692661614858689,0.03780487655055765,0.030916419566516723,0.030344722894081886,0.02147850466475588,0.01576965117098891,0.07845800684106374,0.12433665519533113,0.09564599653412476,0.10690378397786937,0.13338680536901656,0.07856234042180783
6,RACT,0.06,0.3,100,0.05787270487896301,0.059014610397141905,0.04685150946442922,0.04811969435237839,0.03608502498171477,0.03815838674731062,0.03290673527178895,0.03064792412130954,0.023317379408679742,0.018854684781354755,0.07769693239861891,0.12302072634878299,0.08650455886304241,0.11049981377097363,0.1269122896555467,0.08353702455796443
6,RACT,0.08,0.3,100,0.05899991754907738,0.05327409470392603,0.05215546074012189,0.047250543403389224,0.036324012814868856,0.03726277841060486,0.031974463990851396,0.028337448689521563,0.020991807419753677,0.018766817068055375,0.07579335683072982,0.1301756994320516,0.08820936926181444,0.10891633014479049,0.13369326587235966,0.07787463366808373
6,RACT,0.1,0.3,100,0.059389105675228135,0.059674897968951784,0.047992631041000454,0.04718625104521421,0.038137209387634874,0.03915791210694561,0.03352491629462327,0.033376139566359216,0.02046363157952843,0.017404854974942298,0.07465357493158505,0.13269090864535144,0.08333419954385889,0.10581621457610703,0.12790208872596626,0.07929546393670316
6,Baseline,0.0,0.3,400,0.06312673998147483,0.05917129324720961,0.05096902288434869,0.05089951539571252,0.03890057340018198,0.042323636919743765,0.03513995039677542,0.0338919864610179,0.02329547045859879,0.01839129261696415,0.08376153872063963,0.10567050327203555,0.07934694039694351,0.10954090942405006,0.12718500095983876,0.07838562546446481
6,Baseline (OAF),0.0,0.3,400,0.0,0.16682378693052702,0.14696194341639232,0.0,0.0,0.0,0.12283114121324999,0.0,0.0,0.0,0.0,0.28428889377023114,0.2790942346695996,0.0,0.0,0.0
6,RACT,0.02,0.3,400,0.05907340498969511,0.05718005498454977,0.048857888440720566,0.04778727302702134,0.036474443674727124,0.03859256271899288,0.03239929752255908,0.03102216088618565,0.023570281512829066,0.017427232495928525,0.07661929621542368,0.12336456767226212,0.0855632671679471,0.11038136686855023,0.12876887615939409,0.08291802566321367
6,RACT,0.04,0.3,400,0.062068026941572575,0.05328659878672222,0.049778605630176866,0.04966491232079085,0.03664018405526031,0.03981669224837973,0.031932544253895155,0.031087621777527014,0.021410119350296637,0.017747583071550842,0.07940454531515871,0.1274535732258909,0.0852553397644474,0.10795597956082863,0.12695839901196995,0.0795392746855322
6,RACT,0.06,0.3,400,0.060181561930466254,0.0562212117505574,0.04851254536305199,0.044840163278432946,0.036968893382466256,0.038623226450270796,0.032495907011680696,0.03220184712508611,0.020879073956960228,0.01834971686920676,0.0781935011842502,0.12720462144640232,0.08409264438349787,0.11299806200497,0.12699132421589052,0.08124569964680967
6,RACT,0.08,0.3,400,0.060158122686982986,0.05643831490693036,0.047737800281342564,0.04956658825137694,0.03680627582637135,0.038930583909014056,0.031234072180835307,0.031740235250266154,0.021873116581310966,0.019442965740055454,0.07536094824359003,0.1292600614550876,0.08769336656265622,0.11024981245584332,0.12383614629347287,0.07967158937486385
6,RACT,0.1,0.3,400,0.06089329748495771,0.05594027709363491,0.048933964178005884,0.04666625572072149,0.03768941580409053,0.03914565166371248,0.03249080612020571,0.03138279106356707,0.023234405575368114,0.01830343345416191,0.07720551690159741,0.131698318951903,0.08583702113667856,0.1061475517296404,0.1264971867159168,0.07793410640583794
7,Baseline,0.0,0.3,100,0.06622221781707278,0.05353474898685194,0.05410491636949226,0.05359200235599625,0.03973567835408953,0.04138029337453946,0.0353896216505696,0.03613657337389438,0.02344169710769651,0.020454037168498113,0.08160032779599578,0.10395447396041993,0.07914824760808976,0.10911100355837497,0.12559005905508866,0.07660410146333008
7,Baseline (OAF),0.0,0.3,100,0.0,0.1712614760515108,0.1309498821392779,0.0,0.0,0.0,0.11665902609446677,0.0,0.0,0.0,0.0,0.28133537046121954,0.299794245253525,0.0,0.0,0.0
7,RACT,0.02,0.3,100,0.058585910918188606,0.05321757188918847,0.04999998654636967,0.04684353152929585,0.03716116010096755,0.038968999875472976,0.03287380089357687,0.03248904959355557,0.022156045213717366,0.018652630824504714,0.08069885981433905,0.12315724289367803,0.08137722943352271,0.11229488605509781,0.1299448892228599,0.0815782051956648
7,RACT,0.04,0.3,100,0.05587948937986902,0.05245858846312686,0.05136758145657557,0.0469797246840525,0.036939845299385224,0.04088943198310228,0.03191947596021127,0.031797961708120374,0.022620661021394557,0.018573708261335503,0.07907924268229373,0.1246112992806978,0.08165463685450106,0.11076290331657115,0.12941192084949368,0.08505352879926933
7,RACT,0.06,0.3,100,0.06217160130614466,0.05498235482581485,0.05019742381096067,0.05003636963502051,0.03468567249877833,0.03860486283015898,0.029276255415499636,0.02903092798373149,0.02224291216205641,0.01768143740938303,0.08176072888189025,0.12554836089308133,0.0845987626484142,0.10845295163987735,0.13098278838412672,0.0797465896750616
7,RACT,0.08,0.3,100,0.0630987832265595,0.057214385014308776,0.047006652536629535,0.0494243324781056,0.034714245592200654,0.04084917682592515,0.03252482417162357,0.03125583342772516,0.022330455619297886,0.017857558655030005,0.07665976156343886,0.12602523242486044,0.08842103451524837,0.10948405461826947,0.12628392998857133,0.0768497393422057
7,RACT,0.1,0.3,100,0.06315611898455113,0.05622364462440264,0.04995815773911884,0.04959176570913725,0.038086557224636323,0.0392697097915727,0.03142094804067301,0.033905395801069126,0.020774780065346093,0.018007156476667376,0.07661212522287962,0.1275504426454588,0.08279149392847508,0.10792015786527322,0.12744961409994793,0.07728193178079087
7,Baseline,0.0,0.3,400,0.0632689785859441,0.056143877747345784,0.0522555338520126,0.05263502637725907,0.03889403123908837,0.04095458899299058,0.03451568505683856,0.03517489922450999,0.022992834535701875,0.01869368706291545,0.08267571286186458,0.10988658406908307,0.07863367545168239,0.10960814215760671,0.12596793413984944,0.07769880864530743
7,Baseline (OAF),0.0,0.3,400,0.0,0.16857967691383408,0.1464711915049324,0.0,0.0,0.0,0.12640108521169835,0.0,0.0,0.0,0.0,0.281714081995226,0.2768339643743091,0.0,0.0,0.0
7,RACT,0.02,0.3,400,0.06160973645122292,0.05500235738291037,0.05008332881158999,0.046777246881262724,0.03685431353180108,0.03932254086877376,0.03122234326536684,0.032744929710684184,0.021996772698833447,0.018975614656770005,0.0787998425074694,0.12301969447708752,0.08430945493074142,0.10968364262174364,0.1274456453454963,0.08215253585824644
7,RACT,0.04,0.3,400,0.05929613577922053,0.05659033095871632,0.04801703148955885,0.04789473446888977,0.03743873003610825,0.039078432703632406,0.03186808440656497,0.03196898870335572,0.02240219737262271,0.01799167861213014,0.07953819377226728,0.1301722285828004,0.08292021693119606,0.10864623942918553,0.12652504804097098,0.07965172871278003
7,RACT,0.06,0.3,400,0.060600127374172676,0.05517117385820595,0.048035476060880974,0.04761644218899311,0.03628764154857225,0.038063013376867225,0.03173160828217882,0.03232772748360268,0.022186333084272664,0.018788984755290616,0.07623965602097126,0.1264444731387617,0.08665402936268726,0.11014823481506443,0.12959943621107503,0.08010564243840337
7,RACT,0.08,0.3,400,0.06158763838014422,0.05875594844302825,0.0491809970593685,0.047312710604793695,0.03655262565860871,0.03728827214280541,0.03227028907753607,0.03224011975922325,0.021138435784461628,0.01823286467938815,0.07732516122550341,0.12750721437734147,0.08415009521992038,0.10973096958930251,0.12663013478023047,0.08009652321834386
7,RACT,0.1,0.3,400,0.06178933325364391,0.05832438314975347,0.04800657534726141,0.04753868564024758,0.037908479534624735,0.03873474096566816,0.03164149904905426,0.0320555066708531,0.021142757048716095,0.018158345282799606,0.07886641988498874,0.12692388186327938,0.08576041987348168,0.11144598162402802,0.12320677101475924,0.07849621979684065
8,Baseline,0.0,0.3,100,0.06684744048066882,0.05784174646116085,0.053707345367783696,0.05272757415976672,0.038063740433631726,0.04069962670828299,0.0344521753161751,0.033719699695751795,0.0247626879362732,0.018655564317769026,0.08429888259956927,0.10505326134937555,0.07790685237973977,0.1099897866460679,0.12313462682272577,0.07813898932525776
8,Baseline (OAF),0.0,0.3,100,0.0,0.17362821257541922,0.12709357337920235,0.0,0.0,0.0,0.1302415551887211,0.0,0.0,0.0,0.0,0.2806664417672384,0.28837021708941896,0.0,0.0,0.0
8,RACT,0.02,0.3,100,0.05957563383314327,0.05993634794856573,0.05165048999593777,0.04640765305387928,0.03552149010745895,0.04007539086515109,0.03179431565829664,0.028373952222979754,0.023206383257945874,0.018202181668938916,0.07698258672965977,0.1166549172206497,0.08954222298075806,0.1099867152964101,0.1317891274679737,0.08030059169225134
8,RACT,0.04,0.3,100,0.060945714446360696,0.05473873080962786,0.04868578795459514,0.047060925991586865,0.036385263294478644,0.037327102897642885,0.032894480054063556,0.030804976548571714,0.022167989752917176,0.017524016302818992,0.08036567680380663,0.12558163406178607,0.0816787039533028,0.11353627335375101,0.1297057818325195,0.08059694194217054
8,RACT,0.06,0.3,100,0.07135949756767425,0.051245858988046344,0.047162240026889596,0.04427736382965483,0.040276342098572275,0.03957866876698947,0.029458804210848333,0.032608478195930164,0.02304550861163477,0.016987521432448124,0.0753427880188565,0.12729138398248088,0.0825496526889001,0.10952824499257827,0.13215117611273255,0.07713647047576358
8,RACT,0.08,0.3,100,0.06081243263890118,0.05102600721476806,0.05034739007969336,0.04886666854375732,0.04053982004339798,0.03913225123217472,0.030171269029443736,0.03300750986579617,0.021385863066599224,0.015744110569918063,0.07579220741068111,0.1314430292037911,0.08301629602831218,0.11100739902815246,0.12632991572500665,0.08137783031960674
8,RACT,0.1,0.3,100,0.06469334318924487,0.0549967472705301,0.04899634885440424,0.047183166292092765,0.038948071110701525,0.040497259064773646,0.03067208141585249,0.031289790866665765,0.020700588429320523,0.018478380203574566,0.07515716766936464,0.13293890196385452,0.08462172518854456,0.11097631088609226,0.12110979715820135,0.07874032043678214
8,Baseline,0.0,0.3,400,0.06417929292153833,0.061140102327689363,0.053576563886740126,0.05311054132151365,0.04009737671244811,0.04185085509641072,0.034466383068020176,0.03422503978969141,0.023087112295014763,0.01766171441554356,0.08191238622170172,0.10727702416909415,0.0771817667190495,0.10944907354302662,0.12534252592239162,0.07544224159012625
8,Baseline (OAF),0.0,0.3,400,0.0,0.18021148771849327,0.14143469344530643,0.0,0.0,0.0,0.12371862323511162,0.0,0.0,0.0,0.0,0.2905783104992804,0.2640568851018082,0.0,0.0,0.0
8,RACT,0.02,0.3,400,0.06381329284846517,0.055093040215902805,0.04985444584139308,0.049550336187287686,0.03676189092612616,0.03827272852553807,0.031024773702167226,0.030752567067828175,0.021644677657403084,0.017021667135732426,0.07684554389515368,0.1231907117686896,0.08798714266761784,0.10822549608731359,0.1284898389303344,0.08147184654304712
8,RACT,0.04,0.3,400,0.06124016891810849,0.05498805112103435,0.05098424611232986,0.04870549393163216,0.03664974056489909,0.03825159900406021,0.03146332770436573,0.03070662197801217,0.021105678734009804,0.018094172310028387,0.07682619200040847,0.12619466666940746,0.08515672725348518,0.11240781141399708,0.12838858549677543,0.07883691678744603
8,RACT,0.06,0.3,400,0.06412789822599242,0.05491371277209662,0.048991428521814595,0.048484750139096866,0.03846427929968099,0.03961189407847084,0.030562573512351757,0.03154878233763865,0.022005780156334465,0.01722862260621272,0.07524563708369507,0.1262443299605108,0.08363370768783893,0.11160663072202563,0.12714889143531477,0.08018108146092483
8,RACT,0.08,0.3,400,0.06257038765724157,0.05442175857994866,0.04988029721659482,0.046665266035514165,0.03745458721283839,0.037626418698886825,0.032194930083047774,0.03126716833093147,0.021203064086752585,0.017975051004700655,0.07715412475181993,0.12674059170911967,0.08792745184593719,0.10997776794642164,0.12683087697997783,0.08011025786026675
8,RACT,0.1,0.3,400,0.0640431982709275,0.056662011109161095,0.04907670711987364,0.046104416906893216,0.03840466444724164,0.03801330389393849,0.03163932632083309,0.030857541284290448,0.02070592743233468,0.018092987519194203,0.07479429805878052,0.1304409393391005,0.0873617613005182,0.11179368088442133,0.12293255350481382,0.0790766826076775
9,Baseline,0.0,0.3,100,0.06593353225648442,0.059694292354083134,0.05768516536619088,0.04851536182555968,0.039951555090162995,0.040021227149597036,0.034647223115647136,0.03467019376243131,0.022484520065884864,0.017351168082062125,0.08330075884730574,0.10526400020054189,0.07646286469652404,0.10908002163938381,0.1276233489234443,0.07731476662469657
9,Baseline (OAF),0.0,0.3,100,0.0,0.16118009685489398,0.13873108560835692,0.0,0.0,0.0,0.12405967255522034,0.0,0.0,0.0,0.0,0.2997487996151978,0.2762803453663309,0.0,0.0,0.0
9,RACT,0.02,0.3,100,0.057843902276718574,0.05416723082801545,0.048890652100859466,0.049396127509572674,0.03724283913713647,0.040148138031693724,0.03358260709602895,0.03271413591164605,0.02254189286793281,0.017889311923891493,0.07816133155796562,0.1216740033098314,0.08679538885234636,0.1094883398294905,0.12839912915651489,0.0810649696103555
9,RACT,0.04,0.3,100,0.05774689781001543,0.058256818681181,0.04778116046441546,0.04559001333930054,0.038020904993919975,0.03723744541473412,0.0313300220548451,0.032565757953202414,0.023631715323463764,0.018374192910006328,0.07508207648603657,0.12787375638578172,0.08523718140240574,0.11193129237764926,0.12606160510239087,0.08327915930065176
9,RACT,0.06,0.3,100,0.06366141314499729,0.04851724201042621,0.04974127065180226,0.04865415429706926,0.03672605123184778,0.03808178568230184,0.03148066978884923,0.03102751773931101,0.022436755089158714,0.01869224605599813,0.07687038377834976,0.13037804027363284,0.08326190575445337,0.11504887124892235,0.12621588419632004,0.07920580905655986
9,RACT,0.08,0.3,100,0.06204708488048701,0.05407574505881215,0.04821340612501155,0.049442430973028945,0.03597448593900415,0.039501086985298715,0.02941984734047256,0.031058142272846735,0.0198884272293345,0.019263129108440795,0.07688989499367627,0.12636128874570207,0.08752857040604003,0.11302175882715863,0.12419004065749512,0.08312466045719082
9,RACT,0.1,0.3,100,0.05867060402521083,0.053347668365627494,0.052524480074292605,0.049007663761707794,0.037813457107406766,0.03858811941947447,0.033878093630275434,0.02952383770338169,0.020896296714087593,0.01999678971060624,0.07695025264607058,0.12323146527554359,0.08845793959603082,0.1101885615637093,0.12451162689552941,0.08241314351104542
9,Baseline,0.0,0.3,400,0.06640212018662622,0.059274870360999515,0.05269934999954276,0.05095852678712525,0.03917196198043161,0.04122219072013913,0.0347661057248427,0.03355592449469379,0.021629106175625454,0.01920676709666999,0.08356543633838025,0.10701579158762176,0.07684556629627043,0.1089957417235235,0.12628046728868306,0.07841007323882464
9,Baseline (OAF),0.0,0.3,400,0.0,0.17924225885955516,0.1363461450432345,0.0,0.0,0.0,0.11845225945439554,0.0,0.0,0.0,0.0,0.29204224670058954,0.27391708994222513,0.0,0.0,0.0
9,RACT,0.02,0.3,400,0.06368278432869062,0.05535355155097738,0.049066542412983874,0.047141984417964376,0.034818095493543144,0.0382418766926637,0.03178250388180026,0.032369351687469045,0.02145876229290118,0.01848512368573587,0.07868996264651254,0.12612365102854015,0.08473943170673431,0.10904264908421603,0.12749567903098222,0.08150805005828524
9,RACT,0.04,0.3,400,0.06127659502919229,0.056451512223349064,0.049429683621869974,0.0488083471934638,0.036741562520261624,0.039261027514277014,0.031964666815448614,0.030160628107038245,0.021601267861154294,0.01875110113883111,0.07864812729884836,0.1289237942152804,0.0830907943219897,0.1101448201008768,0.12805517307649322,0.07669089896162551
9,RACT,0.06,0.3,400,0.061414318251563224,0.054194443491250896,0.04726676719469353,0.04796563433983173,0.03768260421066651,0.03838417879618971,0.03221905482859125,0.03159411225172984,0.021386045395571388,0.018589673408922407,0.08023664179799757,0.12657191290153472,0.08462376498513147,0.11136676153743051,0.1273429490670189,0.07916113754187634
9,RACT,0.08,0.3,400,0.059289027322613465,0.05562400488406902,0.04797372825442153,0.04869921464351025,0.038455655697396535,0.037841212234798374,0.03201539031159992,0.03226772986022675,0.021132114590345644,0.017958638529763527,0.0762499431819098,0.13112419047349091,0.08422603016337428,0.11100865169474035,0.126238295635124,0.0798961725226157
9,RACT,0.1,0.3,400,0.05906972957166046,0.05615933210481071,0.048289949305498334,0.04775905558855498,0.03698483658252929,0.03833575438190547,0.031800399302756216,0.03168928501528778,0.022046980807763267,0.018076807402858382,0.07554544966346523,0.13123450107273046,0.0855163837700349,0.11048553802656214,0.12582056169648217,0.08118543570710013
10,Baseline,0.0,0.3,100,0.060287485929910636,0.05803956964988036,0.056252683769933795,0.050009404768932654,0.03890087989072771,0.03926988453835736,0.03497805140021275,0.03263522156010141,0.02231977915942421,0.017656796185713204,0.09216316791823898,0.10659737363444738,0.080676183022774,0.10883230842501694,0.12622265173230157,0.07515855841402691
10,Baseline (OAF),0.0,0.3,100,0.0,0.1811587421047547,0.13631588002573763,0.0,0.0,0.0,0.11205688650165872,0.0,0.0,0.0,0.0,0.2841362476905085,0.28633224367734045,0.0,0.0,0.0
10,RACT,0.02,0.3,100,0.061271406003023214,0.056823379162286504,0.04500291652829031,0.046419623224250334,0.03567201389014503,0.03828873663474964,0.03203670099101621,0.028042521886864038,0.023693846711875317,0.018445107596512588,0.07829169913303781,0.12508182124882855,0.08662468203232374,0.11051911120038027,0.13203013511217132,0.0817562986442451
10,RACT,0.04,0.3,100,0.06089935886169556,0.0564792079224888,0.049688442689581044,0.04643063165742687,0.036976098073272415,0.03847031825938779,0.02970813670354142,0.032739284195543714,0.02335048012940839,0.017542941445843355,0.0781505639138501,0.12144372362626886,0.08553123082725714,0.11152208632522498,0.1304219042184958,0.08064559115071383
10,RACT,0.06,0.3,100,0.06133262708065338,0.05211128399842373,0.045882575814151366,0.045603181599951796,0.034884702200672434,0.04176661939980456,0.03066980272323827,0.0324202772094029,0.021777838985642707,0.017483364779920563,0.07698852524630412,0.12646391006016705,0.0863292446552481,0.1156121571114001,0.13173809229873568,0.07893579683628314
10,RACT,0.08,0.3,100,0.059591530271602744,0.05146970858091344,0.05235228535861612,0.045251888825243065,0.03782107761347902,0.03843671413090504,0.031416741331355524,0.02880462793355189,0.020228401274754202,0.017104944225336788,0.080606916582072,0.1315276045567347,0.08829247412242001,0.11007816437551537,0.12236495656842995,0.08465196424907025
10,RACT,0.1,0.3,100,0.06854648169608957,0.05767564288133209,0.047351862907788214,0.045580143283432815,0.03699310383886317,0.03529036048253314,0.030433190182010027,0.031017736944045055,0.021675321510260626,0.01804129264376892,0.07776174969529605,0.13000021764666575,0.08559552592004853,0.10950509397906583,0.12624404861678418,0.07828822777201601
10,Baseline,0.0,0.3,400,0.06089685581405158,0.0590845895201313,0.052693437267428735,0.04974798487014655,0.041751094033536044,0.0423080030007479,0.035006858114843276,0.034080500905486706,0.024378074577487186,0.019186934982080284,0.0826105607444043,0.1030902170375107,0.07921831129021341,0.11219263346402077,0.1274460370309761,0.07630790734693518
10,Baseline (OAF),0.0,0.3,400,0.0,0.16379180962220344,0.14225857086855476,0.0,0.0,0.0,0.12626277043321726,0.0,0.0,0.0,0.0,0.2850637120087237,0.2826231370673009,0.0,0.0,0.0
10,RACT,0.02,0.3,400,0.06169105666676064,0.05278755660719749,0.051445138215560564,0.04664358361042194,0.03783761563499377,0.038432015563249704,0.03069419278450839,0.031775652952223725,0.022885229419889342,0.017744257445603633,0.07913826896421768,0.12240220833075739,0.08487140573964955,0.11233906404400253,0.12938582428951614,0.07992692973144751
10,RACT,0.04,0.3,400,0.06146606523104202,0.054929841565123406,0.04835602027293077,0.047890198889198106,0.03854123099991007,0.038582176408800975,0.03147499076273137,0.03167533817636858,0.021123065978659,0.017548870668842306,0.07828334471245788,0.12396646518559139,0.08790106765235618,0.1111783691672123,0.12896254676087124,0.07812040756790438
10,RACT,0.06,0.3,400,0.06214035010949238,0.05442200352985581,0.04834825137810175,0.04843673778466974,0.03774512024659042,0.03771038723570978,0.031405778021221374,0.032051357039254304,0.021001205922657366,0.01790417203591465,0.07650880795193878,0.12730473174475743,0.08477602849321797,0.1151983868704415,0.12537110436949875,0.079675577266678
10,RACT,0.08,0.3,400,0.061229398994377224,0.05594627183243195,0.04903751467862138,0.047038864006172895,0.03857964290181964,0.038703914729043665,0.030892354460856603,0.03138881170849015,0.020363235743734092,0.018535432506031284,0.0785012404822811,0.12858644905486408,0.0851103263936622,0.11121792364356153,0.1244157013319591,0.08045291753209308
10,RACT,0.1,0.3,400,0.05918025870800795,0.05318408015442237,0.048868339367902316,0.047935555915377695,0.038503923469011166,0.04026547653172233,0.03099387618472986,0.03263716970593722,0.02073418002869311,0.01873880013500784,0.07658153232782179,0.13005060044752798,0.08736552257621216,0.10866348184837787,0.1265534181741457,0.07974378442510267
