Fold,Method,Alpha,Budget,N_ESTIMATORS,age,juv_fel_count,juv_misd_count,juv_other_count,priors_count,race:African-American,race:Asian,race:Caucasian,race:Hispanic,race:Native American,race:Other,c_charge_degree:F,c_charge_degree:M,gender
1,Baseline,0.0,0.3,100,0.1972919068539417,0.10853563014091873,0.127983976596463,0.11554403125537754,0.15634141056339254,0.06399219398020468,0.030707326667096867,0.04282012292868022,0.02684739401427759,0.019540630886230106,0.019399773848959613,0.03087461305024457,0.019929059569225402,0.04019192964498713
1,Baseline (OAF),0.0,0.3,100,0.25399381581944613,0.14937912348465998,0.1566794514220747,0.17184079206863956,0.18966228372729418,0.0,0.0,0.0,0.0,0.0,0.0,0.058352137416670544,0.02009239606121486,0.0
1,RACT,0.02,0.3,100,0.19287507571350102,0.09526891032306894,0.09871123948578663,0.12797699751524397,0.17197020765132368,0.05790966019004042,0.03433453548327533,0.045534029888740724,0.033997704961572124,0.02006657805467988,0.026568842968737426,0.02896846575418559,0.022081539876335456,0.043736212133508506
1,RACT,0.04,0.3,100,0.18904654946031504,0.08301397777387769,0.10765233418424687,0.13847649255844177,0.1696548110182864,0.061782597113438455,0.039670311273495615,0.04399599270973321,0.03433729775929544,0.02295678202909705,0.019959836745518073,0.03433151913697375,0.021636544238907252,0.03348495399837345
1,RACT,0.06,0.3,100,0.19184067698014173,0.09704913960212623,0.10903827437346728,0.13227045505790042,0.18022346398167247,0.05845816972473992,0.03352783365965415,0.03999463132450621,0.033583748752224696,0.013223332769346707,0.022657014884336878,0.024995699990647765,0.024470841303667994,0.03866671759556757
1,RACT,0.08,0.3,100,0.18496447112870526,0.10601258442534901,0.126147459437249,0.12397274277574655,0.1620425846029398,0.06545951693625612,0.02886916157403265,0.04243032876438505,0.03582738234495189,0.018151526060417828,0.021710789875195226,0.03180449218783369,0.016771534687349838,0.03583542519958826
1,RACT,0.1,0.3,100,0.18383005765110724,0.11657623603805066,0.12577286387596773,0.1116903418349541,0.1695587909447567,0.06382816323339979,0.034245657427792044,0.04256892169870792,0.02938066150062459,0.01935551693529161,0.021184470614182948,0.02451166403177371,0.02491151177156299,0.032585142441827995
1,Baseline,0.0,0.3,400,0.18859016215911736,0.1073711032122935,0.11891623402571876,0.11762930186033274,0.16088346659473177,0.0652122574543565,0.029608489901231955,0.040604536498895547,0.03178750052004146,0.021259173569146774,0.025208262561111597,0.03188017766163508,0.024736100753876958,0.036313233227509845
1,Baseline (OAF),0.0,0.3,400,0.2550687587808946,0.158765565477596,0.15706879399721257,0.1615274514091229,0.17854223152995177,0.0,0.0,0.0,0.0,0.0,0.0,0.06753646412732645,0.02149073467789588,0.0
1,RACT,0.02,0.3,400,0.19048715530232124,0.09273234082026756,0.12000739628554452,0.118454587152351,0.16770452079247208,0.06271969595851608,0.0322163564763562,0.04559912738889657,0.029409025949754867,0.022120288987433352,0.023799783105712468,0.032685795687502274,0.02311833691174195,0.03894558918112973
1,RACT,0.04,0.3,400,0.18453178874916018,0.09737121755031729,0.11246584014943505,0.12490400257698943,0.1676778280239229,0.06127270214154839,0.03322263137598388,0.04977015183942135,0.03314940628788511,0.017935713086102197,0.022411001331329422,0.03201365596961823,0.023720589250520084,0.039553471667766245
1,RACT,0.06,0.3,400,0.18436306740184197,0.09944937745060228,0.11744582270930704,0.13177898161702095,0.1673671369014003,0.06322228962337852,0.032385378219609545,0.04496716631888243,0.029405144352408683,0.0177114866989521,0.029845992040068922,0.02921462395775419,0.020573159046632837,0.032270373662140216
1,RACT,0.08,0.3,400,0.18842170089990873,0.09978585257836868,0.1147804127177667,0.1265956634463491,0.16219836142500824,0.062001302757955686,0.03908774284822459,0.04943321094138031,0.030932132640915263,0.019645338982274173,0.022868641426011475,0.024852123996457667,0.02084195840904751,0.03855555693033183
1,RACT,0.1,0.3,400,0.18386055076852587,0.10558036416280504,0.11392187632410423,0.11869274171471673,0.17408347009372346,0.06604731872768992,0.032813448594721385,0.048704982887493066,0.02933285625564898,0.01705875168287917,0.022556909957706636,0.0287385807696536,0.02326569781304571,0.035342450247286106
2,Baseline,0.0,0.3,100,0.18521447538007987,0.12517725014269054,0.12599276243440646,0.12284586548714609,0.1550642598361978,0.06584727443499337,0.028685908332227273,0.040129701340292125,0.037026644337527385,0.01423132831312142,0.02419860650235185,0.022986731401237213,0.01793646399229292,0.034662728065435584
2,Baseline (OAF),0.0,0.3,100,0.233620764873815,0.14689036207544265,0.15560967449371574,0.17517153570071867,0.18474331222212886,0.0,0.0,0.0,0.0,0.0,0.0,0.08025331461390442,0.02371103602027462,0.0
2,RACT,0.02,0.3,100,0.18918169163435342,0.11522175658822029,0.0989242037174022,0.10390229620260205,0.16767745040095036,0.06535301723244703,0.040442975587411445,0.04364860195115277,0.036667350734638914,0.012427248593002418,0.03513964271447697,0.03132400513701436,0.02061652042329588,0.03947323908303196
2,RACT,0.04,0.3,100,0.19221360602978066,0.09588676822359542,0.10783873414926673,0.12282298846044538,0.1675742251652444,0.06244619252365118,0.032746028684763416,0.04668640564761879,0.03275021056936368,0.01960924710625773,0.0294755010330527,0.029509358434478328,0.02218490888102534,0.038255825091455996
2,RACT,0.06,0.3,100,0.1918407935275889,0.1011010685375847,0.1116272244886817,0.13232164778558927,0.15996343888794468,0.05988475776469408,0.03745327986474471,0.04024969883712909,0.030661296883330063,0.028844486315512632,0.02308639550851889,0.027683821026006004,0.017518291781959267,0.03776379879071583
2,RACT,0.08,0.3,100,0.18254087862244292,0.10711926495261238,0.10913739830344185,0.12971563601496328,0.17146451896000664,0.05902408347474794,0.03193856918432041,0.0453885251428144,0.029574676805345933,0.016410948334778727,0.02519502455957216,0.030413197080870136,0.02165555741450857,0.040421721149574555
2,RACT,0.1,0.3,100,0.1858439208132713,0.10053410717008626,0.11827877730530689,0.1316382149479072,0.16750602529152425,0.062220865875840047,0.027707444768721265,0.047811055026093376,0.027857716279233634,0.011649967266979224,0.02629817599483701,0.03513346113143257,0.019305151983285477,0.03821511614548137
2,Baseline,0.0,0.3,400,0.19471753269694575,0.1058583592597791,0.1140453457212929,0.11673324987942882,0.16177297272629013,0.06529933451531651,0.03047833017420983,0.03905901496830294,0.03610784513037287,0.015779292025850992,0.023751337252616706,0.030308077232125457,0.02196399537575861,0.044125313041709364
2,Baseline (OAF),0.0,0.3,400,0.2608010218618783,0.14986296372819832,0.1456696252263016,0.16301993508622767,0.19730447039091645,0.0,0.0,0.0,0.0,0.0,0.0,0.06499971899560035,0.01834226471087746,0.0
2,RACT,0.02,0.3,400,0.1898193928759243,0.10490911422234304,0.11130542475044547,0.11994223239745591,0.16734165672383655,0.06532232218725799,0.0315999318759577,0.04009820964276697,0.03362731232961118,0.017699400890886823,0.025755222026790283,0.03274873148588988,0.022623759632650512,0.03720728895818333
2,RACT,0.04,0.3,400,0.18450692514837042,0.10067676111550791,0.10705517797045712,0.1249141024033159,0.17494420401965508,0.061301148033084195,0.03530772262182527,0.04194704736347559,0.0342021787476189,0.021162491389727655,0.02347145738284567,0.029714002066499864,0.02015443538293912,0.040642346354677436
2,RACT,0.06,0.3,400,0.19024024400876893,0.09337262281767979,0.11405452845362743,0.12113510383050877,0.17563038141159895,0.06675430174590415,0.033203135197991195,0.04061076462546902,0.03414017490052573,0.018047225871848,0.02468299514922064,0.028697639148374976,0.022682564226743834,0.036748318611738585
2,RACT,0.08,0.3,400,0.1908291095056743,0.099325816780017,0.1096410888868487,0.11970134094821586,0.17342235454388388,0.06369730351134051,0.03581704826995438,0.04208638792123441,0.03659312316166063,0.019320258834518947,0.02641235923333837,0.025597972766557814,0.021252244182115968,0.03630359145463916
2,RACT,0.1,0.3,400,0.1844581615958909,0.10618322243425864,0.11911686269067259,0.11765738965729557,0.17234622530918287,0.06126924738523572,0.0346271291931416,0.044066595043733586,0.03345339544320606,0.020441441504956352,0.024512187054393297,0.02783563143603268,0.016974064498553,0.037058446753447105
3,Baseline,0.0,0.3,100,0.20212640018411657,0.1031939613010703,0.11586712149689239,0.11503549426808413,0.16155608052717113,0.05867396498561613,0.027419733724281702,0.03897004169881401,0.030836451124170147,0.030698168832971374,0.02658962913039406,0.024362372391259966,0.021546383100616226,0.04312419723454175
3,Baseline (OAF),0.0,0.3,100,0.24652143898982357,0.1545927722443894,0.15872030834383336,0.14939993167674284,0.19902488825137987,0.0,0.0,0.0,0.0,0.0,0.0,0.06724131715414126,0.024499343339689724,0.0
3,RACT,0.02,0.3,100,0.18745378967104454,0.10039638065656242,0.10914518289413233,0.12214503666867274,0.1670899825379453,0.05764713161867442,0.023649779809208078,0.04399454886045211,0.04132656423510382,0.03348824979692091,0.016262686965814694,0.029126580073396385,0.01905875848710296,0.04921532772496952
3,RACT,0.04,0.3,100,0.1746672814699585,0.09759660489102193,0.1250568147661499,0.12277848030982072,0.17741084243654662,0.0579763606786455,0.030237231857417148,0.03823629605515356,0.036593768706455115,0.018562183477657493,0.026585268670402135,0.03324855989126188,0.02142893173896783,0.03962137505054167
3,RACT,0.06,0.3,100,0.19083467689832057,0.09893850808197528,0.1162207335337292,0.12935885731665306,0.15685890481055967,0.06875387272415441,0.0351530617718883,0.04113869474274098,0.03261503666628853,0.016495443845255947,0.021867346370550163,0.028705711457217377,0.02560551999454112,0.0374536317861253
3,RACT,0.08,0.3,100,0.1758767496342022,0.09576738759441036,0.11917381429212229,0.13584044549593982,0.16787253680322112,0.05853232015217828,0.034896254061581276,0.05441654928291913,0.022970856540972397,0.01968810336043446,0.02195791938249333,0.03326578593521517,0.01994393794345255,0.03979733952085755
3,RACT,0.1,0.3,100,0.19550343826674782,0.09609709675391237,0.11175455960072621,0.11449900064300413,0.1814377163715588,0.06137288874043808,0.03196842552416639,0.03942409208915112,0.029669896414927614,0.022389591463296346,0.02658442145636051,0.028081834938546203,0.01978416638535183,0.04143287135181266
3,Baseline,0.0,0.3,400,0.19387466997808298,0.1117797859175037,0.11099223750944572,0.11854426531226951,0.16160799730514305,0.06493600603045203,0.027855560737708052,0.04635833203264087,0.03047620298960927,0.018894686824921608,0.023761686153466185,0.026609342807387675,0.022745888039357124,0.041563338362012106
3,Baseline (OAF),0.0,0.3,400,0.2649309676690603,0.14697578906347228,0.15127103219245613,0.1646079428162791,0.18968441902747687,0.0,0.0,0.0,0.0,0.0,0.0,0.06238283625504208,0.020147012976213068,0.0
3,RACT,0.02,0.3,400,0.1921754768071265,0.10050006641956792,0.11063190587812215,0.11714540665192504,0.1689538537123115,0.062211179771225,0.030192492433241194,0.043265191307762366,0.03170134240139074,0.019200997713369434,0.02656364277498225,0.031249789576244958,0.02386948019173292,0.042339174360998044
3,RACT,0.04,0.3,400,0.1896469402013568,0.09842941798673722,0.11513494183496667,0.12899037867182167,0.15523425763617305,0.06165070989491029,0.03597525795169149,0.04254588734249879,0.03150606452517794,0.0204359667771222,0.02747171194739675,0.028076250081628645,0.022220190982162605,0.04268202416635584
3,RACT,0.06,0.3,400,0.18615607966100434,0.10815892993890487,0.11472692116914257,0.13247568137078652,0.16735382405941646,0.05694939449804514,0.02837257966093956,0.046809145981004364,0.029657696826127365,0.018915510526759886,0.021926038085231945,0.02921150411628322,0.02000122219711805,0.03928547190923546
3,RACT,0.08,0.3,400,0.18133011962400075,0.10250452352080598,0.11275109980459985,0.12618484950186348,0.17296851185976797,0.061076180309566866,0.04175199280111002,0.040977999664821574,0.03038885503238592,0.018591391468302746,0.030907728210926508,0.026414274621300787,0.01861917781115825,0.035533295769389385
3,RACT,0.1,0.3,400,0.18375333718238193,0.10148053679733,0.11507015900720344,0.125631310141432,0.1661028255695794,0.06233367716099186,0.040207925624786145,0.04252524561445391,0.03343675567474452,0.02231977150431747,0.022230842880167988,0.02638315844255826,0.01994029227270952,0.03858416212734366
4,Baseline,0.0,0.3,100,0.2010664076902681,0.12358576780475887,0.1016693606900778,0.10724304497195833,0.16772882050262702,0.06832040818739803,0.032522504891519456,0.03373967853376093,0.04017734765061299,0.019205871712397172,0.025586657848420118,0.025251819792631473,0.015215986916241646,0.03868632280732814
4,Baseline (OAF),0.0,0.3,100,0.25495839929948194,0.1646807590859161,0.14327830639603137,0.17318425124230805,0.18067918708458316,0.0,0.0,0.0,0.0,0.0,0.0,0.06573270337956119,0.01748639351211818,0.0
4,RACT,0.02,0.3,100,0.18370043823245596,0.09719586985953507,0.13718391004991246,0.1396729614839051,0.1630159568064251,0.05683679446248329,0.028760659373037546,0.05153685474879149,0.030800334627894332,0.01585250278678041,0.015724262957155316,0.02576393705372967,0.021237411866945537,0.03271810569094872
4,RACT,0.04,0.3,100,0.18971906907326,0.10113291450217939,0.13282447036238917,0.12786594772047008,0.15787378284690998,0.06844678389481974,0.026710690362858447,0.04079732491329416,0.0359433147479673,0.017425583153340553,0.014385511809595734,0.02315306394486974,0.02370617485820173,0.040015367809843966
4,RACT,0.06,0.3,100,0.19378948503970125,0.10453064629874488,0.1068639760005097,0.12225350722522377,0.16423025143106784,0.05798560930886832,0.029082238183707147,0.04357375833466081,0.03828050252357772,0.02090227371202894,0.024059643058602673,0.0235964222119174,0.024035644297668773,0.04681604237372076
4,RACT,0.08,0.3,100,0.18107492743849918,0.11155332993421722,0.12507774116063564,0.11864831395720735,0.1687993492081613,0.05760946958370432,0.03314990043456377,0.047402322838406764,0.030946341662447596,0.02479838760723048,0.018807897716485885,0.02980376818074639,0.017890777001145008,0.03443747327654915
4,RACT,0.1,0.3,100,0.18445946584645176,0.10039482025976125,0.11825161267439935,0.12582336252550336,0.1708555543744382,0.06908811163040371,0.03085691836532361,0.03865964182179421,0.03263129690436677,0.018631912800954994,0.019978140826477767,0.018778314798574492,0.031725407115556596,0.0398654400559941
4,Baseline,0.0,0.3,400,0.1974752337111585,0.10837739179664939,0.11295918580453237,0.11778609630994759,0.15913587726172526,0.06751179734722938,0.029711373022061706,0.04396499868320927,0.03541813997606617,0.01745190096303021,0.02081253846860214,0.02748136748616847,0.02088159389274217,0.04103250527687711
4,Baseline (OAF),0.0,0.3,400,0.25495399256730716,0.1584469948477688,0.15060311267509,0.16400685095598835,0.1837999460756139,0.0,0.0,0.0,0.0,0.0,0.0,0.06872403192708433,0.0194650709511475,0.0
4,RACT,0.02,0.3,400,0.19049622597239638,0.1027445131681262,0.11233570183540544,0.12037454411314898,0.17279919552059206,0.0638476534776981,0.030063529590167812,0.04015865212967318,0.03760324786783723,0.01821105416178135,0.023327833238815026,0.026385410010094267,0.021661117882984603,0.039991321031279295
4,RACT,0.04,0.3,400,0.18810072198041217,0.10110534511526896,0.11725220376893809,0.11661541971093113,0.17455643301213047,0.062346212980305224,0.03237609385965378,0.046807172112868146,0.03178112497911649,0.017035465216375934,0.02107852955381328,0.028670957850037315,0.020921304971950303,0.041353014888198814
4,RACT,0.06,0.3,400,0.18715921538641758,0.1000411862316136,0.11888207949567198,0.1304099639026954,0.1688869988200894,0.058714870987546824,0.03489503886408517,0.04145257010540761,0.035583956852174844,0.018838176958693078,0.017597066298405486,0.025257455896003936,0.019533723196436637,0.04274769700475848
4,RACT,0.08,0.3,400,0.1773625959527304,0.11905448773196757,0.11698427401801569,0.13025723547798893,0.1666668237624546,0.06344471756641987,0.03200213059689162,0.03893302476366346,0.03218892474229494,0.016102457290255924,0.019536523446436718,0.027332840868096706,0.02181612709908714,0.03831783668369638
4,RACT,0.1,0.3,400,0.1879669607583826,0.10030710385494264,0.12006004174141836,0.12210588015387508,0.17752667947831646,0.06339454357717464,0.03645239944828082,0.036906447706773315,0.03281038421112327,0.017199365766107422,0.022293926369285684,0.025683765113763683,0.019457978839286502,0.037834522981269596
5,Baseline,0.0,0.3,100,0.1845016899444613,0.11146489410593632,0.1343858271999209,0.11062197977070283,0.16658999812721886,0.060798334077631085,0.03495648853288026,0.036974013462409853,0.03493701574551702,0.014306209520540757,0.02585098870870668,0.02489211489613915,0.021078292463060297,0.03864215344487488
5,Baseline (OAF),0.0,0.3,100,0.25472881807914055,0.1549412861176795,0.14670182408994714,0.16375666438746747,0.19210532168585162,0.0,0.0,0.0,0.0,0.0,0.0,0.06662073060868534,0.02114535503122841,0.0
5,RACT,0.02,0.3,100,0.19715026482571377,0.09698771059647572,0.10963448587530102,0.11535928400331244,0.17354351210307195,0.06290151473216148,0.024515877722983977,0.04601904271914622,0.039987720213196076,0.02006263766538939,0.022331317724838942,0.02769783196419267,0.02036321890311704,0.04344558095109935
5,RACT,0.04,0.3,100,0.18954621932436258,0.09906352256660247,0.11518145503366475,0.13365088234922537,0.1605620124843177,0.059305652830197696,0.028003726327262068,0.045874620696822715,0.039294713803628915,0.017525043666712863,0.028125350831175226,0.027523823303252162,0.015448043795471943,0.040894932987303685
5,RACT,0.06,0.3,100,0.18270488565087764,0.1111857612286621,0.11190453908461753,0.13116150498043708,0.15819189186292473,0.061128212490806653,0.03543078859639304,0.04282404637600234,0.03549679727733562,0.017162054154445616,0.021851283709094695,0.02872910746577097,0.024839432380456515,0.037389694742175475
5,RACT,0.08,0.3,100,0.1820575350754954,0.11367830458769893,0.11491767473054824,0.11996646188205085,0.1800367304571605,0.06108180174889598,0.027877594648672118,0.039213398913369196,0.037008652391028705,0.01456411699581466,0.03178629065778657,0.026853817239873446,0.019247117879078582,0.03171050279252689
5,RACT,0.1,0.3,100,0.18034671372955283,0.12792315221717554,0.11330466959254208,0.12369894277102916,0.16127290391851415,0.05894823364070092,0.0321682220273599,0.044034543768018214,0.03016229336929215,0.020834059586481636,0.022904622091080847,0.0299207814025615,0.021134440082020787,0.03334642180367032
5,Baseline,0.0,0.3,400,0.19316573898254114,0.10672114271076956,0.11458374045988778,0.11811572486870636,0.1588824853557865,0.06365133071371742,0.03205656189372201,0.042158662973763805,0.03422316394258978,0.017377027879956725,0.0263237461246461,0.02889793746808954,0.022275714808793562,0.0415670218170295
5,Baseline (OAF),0.0,0.3,400,0.255359085861062,0.15242382694184586,0.16169558818702864,0.15968218890031138,0.18147734824897785,0.0,0.0,0.0,0.0,0.0,0.0,0.06773619884773716,0.021625763013037102,0.0
5,RACT,0.02,0.3,400,0.19024058509519456,0.10267666454321533,0.11450777035083487,0.11919082763427435,0.16715600509697962,0.06387865806093786,0.03354717784713584,0.03598892375066614,0.03274956203852768,0.018899620496137425,0.025589012441169397,0.02997727780976229,0.02312512823047279,0.04247278660469178
5,RACT,0.04,0.3,400,0.18387030197953264,0.10510587577731095,0.11303492690559934,0.11838786476690404,0.17426142907574424,0.061125706041494275,0.02917392700111084,0.04122941616220819,0.03628818793187359,0.020510990736931273,0.02653285214101947,0.025729575609691385,0.02473470440967998,0.04001424146089973
5,RACT,0.06,0.3,400,0.1841686214961392,0.1078866176252628,0.11396593428906582,0.12437189228213058,0.1689749901246596,0.06444797838233735,0.037595322317875504,0.03998094253714037,0.029707352502966553,0.016963199295703384,0.024611350302200456,0.029331069309277195,0.01887420597166764,0.03912052356357362
5,RACT,0.08,0.3,400,0.1901515843902005,0.11013679361217611,0.11644028457199923,0.1201872638481301,0.171631874073741,0.057955923372722,0.031230949261590535,0.04225492221571317,0.03358070353634275,0.013356663895710002,0.02417353748999635,0.02541296936289029,0.023757745908591643,0.039728784460196294
5,RACT,0.1,0.3,400,0.18722442643135898,0.10998265735822492,0.12142460345666951,0.12332070811814569,0.16637391403952148,0.06229072560187715,0.03078192177647084,0.042601395128607986,0.03185515512244426,0.012928537288669386,0.0259062952212221,0.02476131239874074,0.01936822715320568,0.04118012090484125
6,Baseline,0.0,0.3,100,0.18085443593200612,0.11567092604173851,0.12290589529670827,0.11657417286925253,0.16685453312046522,0.05969752978644493,0.031154492885021496,0.04129904174885694,0.03998747919394202,0.02060770919834598,0.028177222430068472,0.027337683243783308,0.01475006077115215,0.03412881748221408
6,Baseline (OAF),0.0,0.3,100,0.2639964619831185,0.15348652858229805,0.1709631346459527,0.14123474036250758,0.18717974174890922,0.0,0.0,0.0,0.0,0.0,0.0,0.06037430920727954,0.022765083469934354,0.0
6,RACT,0.02,0.3,100,0.18585406617486935,0.10923700558379308,0.11488342156453481,0.11752949925834873,0.17364114123874075,0.05575863288651004,0.03370551416858014,0.04379545944575137,0.03733140613536688,0.018805961040895484,0.0225445076357645,0.03222742531891277,0.01634567137392374,0.038340288174008495
6,RACT,0.04,0.3,100,0.18800325394115705,0.1046501653255904,0.10830701550274605,0.1307908104513423,0.1783355957975177,0.05576582360447985,0.03167579799555297,0.04567975938259078,0.03823660004566264,0.01554701649249763,0.02442310547621288,0.022791320164021554,0.021904419376647395,0.03388931644398064
6,RACT,0.06,0.3,100,0.19094224190944323,0.10128702659191485,0.12011750157615567,0.1268349179999095,0.1713984680098794,0.056331491639898,0.03305630564399086,0.043262562748608374,0.03337692441417965,0.012433036972689684,0.024616199742203356,0.024825718282660288,0.022516730985326475,0.03900087348314048
6,RACT,0.08,0.3,100,0.18528199927123948,0.0934734976995997,0.10836272571893349,0.11871430849451926,0.18110081863757624,0.06550692525954492,0.03575447049969502,0.04291219834613664,0.03525285205411082,0.016121728018599325,0.024106153593448035,0.03244462352147243,0.02214699913415746,0.03882069975096722
6,RACT,0.1,0.3,100,0.1765703204116401,0.113476573216334,0.14215211326689423,0.11666462437331801,0.17546061400887844,0.05485588959637949,0.025094217104710013,0.044786929135259855,0.02527840783869333,0.013205209981470581,0.021820061411238958,0.03857794289074678,0.017739463575750587,0.034317633188685484
6,Baseline,0.0,0.3,400,0.19997852380529554,0.11173306595537028,0.11403259974841212,0.11537831732510138,0.1538493142195524,0.06321629643328658,0.027619712613738637,0.04188416238103623,0.03416511216383733,0.022616704724038473,0.028254763218208953,0.027009941925560443,0.020782860354082385,0.03947862513247925
6,Baseline (OAF),0.0,0.3,400,0.23955966074311505,0.16057050361280006,0.1586445898418863,0.1695782487944088,0.18119428333236431,0.0,0.0,0.0,0.0,0.0,0.0,0.07122298911387771,0.01922972456154784,0.0
6,RACT,0.02,0.3,400,0.18256370247759895,0.09999464578263034,0.11325497422901644,0.11934318064401896,0.17446302632176278,0.05959465631853135,0.03500454210004099,0.044207161920919856,0.03334911617910973,0.02170111543936127,0.02873071361886785,0.0288568226713779,0.021883848236902346,0.03705249405986125
6,RACT,0.04,0.3,400,0.18775186121657206,0.10011357866107463,0.11835509916956025,0.12627090158380785,0.17250027458135123,0.059678705820205596,0.029159134694643308,0.04150665699373691,0.035217962974901526,0.01701168509302657,0.027028110946069373,0.026539501778552865,0.021623361943348567,0.037243164543149104
6,RACT,0.06,0.3,400,0.1836604373286252,0.10664021771124775,0.12167075104765404,0.12949928900976854,0.16964193120670304,0.06192090313231627,0.029882936353738555,0.04344875270555869,0.030606759040224172,0.016656100257631982,0.02198334382021317,0.025330607566825956,0.0229557159946973,0.03610225482479539
6,RACT,0.08,0.3,400,0.17848067246337276,0.10300456849378668,0.12225414391777006,0.12999783205000387,0.1738024056736763,0.05605839703897391,0.03450317669781567,0.04054348337282727,0.03588623005269696,0.0187158085164583,0.02349529920988004,0.02658654731062982,0.02019448971907176,0.03647694548303666
6,RACT,0.1,0.3,400,0.18487171106505473,0.10673067521664238,0.11629132371866797,0.12666956729918413,0.1736196830108836,0.06160981786027826,0.034438649449830196,0.04166453285941852,0.03211297302927562,0.016322892718538966,0.021296300101652992,0.02817260916525963,0.02012789708983204,0.03607136741548102
7,Baseline,0.0,0.3,100,0.2017597448203897,0.10716187335507756,0.11476330550880896,0.11642976979749008,0.16050409986746278,0.0708352169970231,0.030656861082468033,0.03940397584061593,0.036354804147593685,0.02004344026434996,0.020822535651326322,0.029474279377347794,0.020501050802140344,0.0312890424879058
7,Baseline (OAF),0.0,0.3,100,0.2872381276884356,0.14305343598027567,0.14561921637253183,0.16124357044640214,0.17598487068763458,0.0,0.0,0.0,0.0,0.0,0.0,0.06376017703252693,0.023100601792193337,0.0
7,RACT,0.02,0.3,100,0.18421041883188555,0.09470443422268737,0.11310318921495267,0.13113220559038063,0.1683336724780535,0.0702185401766806,0.035344025838650275,0.0435970901765795,0.023785627128739557,0.018237175238211244,0.02772466866644785,0.026862671939213625,0.019795732356784928,0.04295054814073271
7,RACT,0.04,0.3,100,0.19238856379160998,0.09935072856103085,0.12598542533353999,0.12409690042404357,0.18575837898656133,0.04636677991704983,0.031053433903020993,0.03875950286663907,0.03526631265265516,0.016930879108900298,0.02942577119700466,0.02521546820730477,0.014763054228247212,0.0346388008223923
7,RACT,0.06,0.3,100,0.18832600991456278,0.10538611557345846,0.11616616443927812,0.11783005649456114,0.17073794142049978,0.05930837356290501,0.02835209414895441,0.041184083972496864,0.04193674431604415,0.011576963731067261,0.029328631782383457,0.03127478520941376,0.01919927116513415,0.03939276426924049
7,RACT,0.08,0.3,100,0.21246141968871785,0.09816898677578513,0.1132361861925061,0.11083418902024669,0.17767178711043682,0.06214461017793264,0.03146387438519201,0.04442704605422321,0.03185313016696682,0.011153144519928205,0.023160607136536886,0.024035396454834723,0.021714515449427797,0.03767510686726515
7,RACT,0.1,0.3,100,0.2001196105539965,0.10943056337297871,0.11333055367702771,0.1061196053035904,0.16953820425145166,0.05813589534702578,0.027324792416262483,0.04723933271260065,0.03397043277780503,0.0203119529115808,0.03010160195173615,0.030281768812828565,0.016558409251876193,0.03753727665923928
7,Baseline,0.0,0.3,400,0.20128693307229584,0.11123376222379684,0.11435916877175148,0.1171290734306016,0.15692375374160647,0.06790842085641513,0.029358053962096033,0.04539584973128183,0.033674962416014136,0.015300309388419246,0.023763326107888123,0.026792263000138504,0.019712306606504647,0.037161816691190286
7,Baseline (OAF),0.0,0.3,400,0.2619469676790593,0.15989703262498056,0.1469880525232171,0.16045246251124562,0.18428819259906706,0.0,0.0,0.0,0.0,0.0,0.0,0.0682391504176294,0.018188141644800933,0.0
7,RACT,0.02,0.3,400,0.19974262755134586,0.09131973234315693,0.10774692224814951,0.1120662537327813,0.1749372574425159,0.06306748693977476,0.035304749423284834,0.0436124888261084,0.032331911760857444,0.020574023105919412,0.023223767115965153,0.0302296184569443,0.023612235040571947,0.04223092601262437
7,RACT,0.04,0.3,400,0.19091458826895485,0.10600371348610597,0.11691990446390191,0.12845822733399814,0.16544616165690598,0.05909178941406253,0.032670425443111106,0.04011827168584785,0.03481141054548499,0.015450212400773636,0.023677384173119077,0.024828799995658554,0.02264370231138642,0.03896540882068905
7,RACT,0.06,0.3,400,0.18831503441866745,0.10208901500762946,0.1227842725345054,0.12170212132272458,0.17544670625886197,0.062018879052311834,0.03280402269038852,0.045136279056725445,0.02817673888026012,0.017052087974310324,0.020912693366249437,0.02631465811934152,0.01994632837924008,0.03730116293878394
7,RACT,0.08,0.3,400,0.19189557369618437,0.10448877185086958,0.11509355092620356,0.12468973362566584,0.16933224569554298,0.06030449333371798,0.03917160296908003,0.04088357248497724,0.035990989826972256,0.01248856722342174,0.01983441156862287,0.03014893540679537,0.017531692433045632,0.038145858958900554
7,RACT,0.1,0.3,400,0.19272755773292105,0.11020019297398474,0.11129632964142425,0.12174563033012735,0.16947886980390037,0.05674895017984592,0.03557796481824064,0.040249540452514616,0.03727310621514255,0.016158717458893315,0.025775763416146565,0.02721743718692513,0.016853339590398756,0.03869660019953447
8,Baseline,0.0,0.3,100,0.19435145439809656,0.10387485999199873,0.10050894951114188,0.1129330074115983,0.15670339203456443,0.06575284718030722,0.029609201928713098,0.04573312680087725,0.03745685184651995,0.030245151167583518,0.02700716776683501,0.020859535688130742,0.027878724552459943,0.047085729721173586
8,Baseline (OAF),0.0,0.3,100,0.22823615166896177,0.17121825046259698,0.15206428325055513,0.1740978280926409,0.19359962349719356,0.0,0.0,0.0,0.0,0.0,0.0,0.057044058729530445,0.023739804298521076,0.0
8,RACT,0.02,0.3,100,0.19430554848357226,0.09792662271674099,0.1060951987605115,0.1137081154138171,0.17416981243287244,0.06965842091883992,0.031937221791307535,0.03583983445976676,0.03162449562366718,0.022601539492133706,0.030227540471374624,0.02651347660892265,0.023184799175205103,0.042207373651268254
8,RACT,0.04,0.3,100,0.19751977229184065,0.09657991966132072,0.1117449231919571,0.12402396351779357,0.1667976580942262,0.05688242637145955,0.025886010682610865,0.04644356889265249,0.037285354346974116,0.018316793130639917,0.023516572828377238,0.027127070335094372,0.02695603728322781,0.040919929371825585
8,RACT,0.06,0.3,100,0.18580467384012594,0.11654967653777308,0.12190207910207297,0.11040976350209097,0.17419974960852122,0.058156122210568144,0.03412292350842676,0.043157508838845816,0.034970695980518676,0.013366009389945942,0.02110472394352147,0.02454294778954063,0.029116382198407283,0.03259674354964122
8,RACT,0.08,0.3,100,0.1819313052372538,0.10527919235664765,0.1151787519422556,0.1439448298603202,0.1540861368092903,0.06934169707442425,0.03327165138199885,0.036606182836914164,0.04134734096308082,0.011374296101818745,0.02526110620357222,0.029020980332151048,0.016086527493161158,0.037270001407111356
8,RACT,0.1,0.3,100,0.18826813717718713,0.10628578716164253,0.12420725338513115,0.11572669874291822,0.17068697750057785,0.06624805084826876,0.026693492077329406,0.040097131724078056,0.039683315706632846,0.01269089519048714,0.02370099940107432,0.030514007031529927,0.01635255504054395,0.03884469901259851
8,Baseline,0.0,0.3,400,0.19276893555683275,0.11152315258382765,0.11177148729712666,0.1127942314292916,0.161480363315094,0.06999426584235982,0.030290720653040296,0.04029502674789139,0.03863396131767036,0.018563426928524532,0.022397658682865036,0.02574615240123763,0.024938879548105652,0.038801737696132765
8,Baseline (OAF),0.0,0.3,400,0.25885301814198086,0.15469385447855963,0.1400231615411782,0.1613229198210855,0.1968612444703065,0.0,0.0,0.0,0.0,0.0,0.0,0.07008595195527148,0.01815984959161787,0.0
8,RACT,0.02,0.3,400,0.1932786573312201,0.0970266342532524,0.10392030564514149,0.11900643543801157,0.17535668057533613,0.06118286173980172,0.034608535377246424,0.040207525593944235,0.04138562906837759,0.016439399417272123,0.022635900277759902,0.030636678720267096,0.02374061274519866,0.04057414381717059
8,RACT,0.04,0.3,400,0.19718922623050641,0.1003690729890961,0.10869333584660523,0.12131770470221563,0.1700436959588841,0.058651551518761995,0.03556019725863037,0.03910486170089758,0.03668653601756072,0.017525128067300572,0.02343114053042842,0.02641519099089333,0.02481505698097135,0.04019730120724809
8,RACT,0.06,0.3,400,0.1880033501499739,0.1094969504710701,0.11388160778227935,0.11832326083958,0.16429777667597484,0.06478367050672017,0.03321100229025799,0.04048176467199844,0.034019112233937096,0.017466783338894863,0.023844651345164367,0.030220210500916393,0.02095757361041213,0.04101228558282046
8,RACT,0.08,0.3,400,0.188835450226823,0.10524399242081373,0.10657066564178509,0.12715813413606314,0.17479192015097206,0.06299368651720559,0.03179499515157161,0.04294784734697134,0.0358310299427294,0.017791555824091077,0.022162798272063335,0.025553662702855775,0.02187502115296484,0.03644924051309021
8,RACT,0.1,0.3,400,0.18911643406050313,0.1078648041363511,0.11713487883382305,0.11624883584112085,0.1738728643175624,0.05969158622324712,0.029117642145377393,0.04185755383528948,0.03985971872702861,0.014937557309430348,0.024840710829225326,0.02911965865317218,0.019521201352855875,0.03681655373501307
9,Baseline,0.0,0.3,100,0.2016102135164115,0.10656341441367023,0.11486370404232106,0.12007024597518647,0.14719004410664643,0.05693202979758871,0.027727596903872533,0.045116117660353505,0.039277179701376126,0.026016326881868876,0.022290854717985906,0.029265715661311018,0.02449406598053648,0.03858249064087139
9,Baseline (OAF),0.0,0.3,100,0.2682755332149397,0.1502957329371479,0.16182871157735737,0.14903434470975888,0.1819070863438001,0.0,0.0,0.0,0.0,0.0,0.0,0.06903524001078287,0.019623351206213228,0.0
9,RACT,0.02,0.3,100,0.2079179045830316,0.0948619284885798,0.10725018764674048,0.11818776716128852,0.16398455407685403,0.06166107192168585,0.031883042466914174,0.04333878065379129,0.03346585712493661,0.018752055637768415,0.02522698420773335,0.03218605286582372,0.021969910127911378,0.039313903036940746
9,RACT,0.04,0.3,100,0.18741996106646536,0.10360980822139701,0.11153063159467633,0.11391011092107974,0.1689394129638168,0.05540059733431284,0.03740251150210805,0.04945062508537256,0.040271386745930615,0.016160559389917676,0.02341779619020375,0.029690956346795163,0.01833437733974136,0.04446126529818274
9,RACT,0.06,0.3,100,0.20996758473647503,0.09567347740155498,0.10560237274879722,0.12732947826283483,0.1627963445933466,0.05976845610857096,0.028077484479412777,0.043013193811684614,0.036487116296899845,0.015837858751426317,0.0287408435945435,0.02931573383492651,0.021858738944076566,0.03553131643545024
9,RACT,0.08,0.3,100,0.19663695101578085,0.10470399082222386,0.10775403774080995,0.1254016257085311,0.17627427935228265,0.05943871672519237,0.031588250524188795,0.045013489544129114,0.04333543775924362,0.01134934587035078,0.020757878139885912,0.030100006020805616,0.014444987536137053,0.033201003240438405
9,RACT,0.1,0.3,100,0.19650492628792235,0.10244632174277012,0.10903689028985399,0.14083656588192817,0.16221962910000398,0.06686990864284163,0.038817458891528864,0.03188013679033569,0.036298778275845635,0.010217639590431664,0.023566169138942036,0.02309438819673026,0.01994729685250939,0.03826389031835621
9,Baseline,0.0,0.3,400,0.20566903965567457,0.10532552232703299,0.10382800194812027,0.11814272105129767,0.1575754426392688,0.06377157732528334,0.0279853273142695,0.04168185286190076,0.03768781560149577,0.014666429649711748,0.024242691471186066,0.03391162618846533,0.022045194419135928,0.04346675754715749
9,Baseline (OAF),0.0,0.3,400,0.2794928937513835,0.15130104714683543,0.1389831991857173,0.15755666689352335,0.18624134995648126,0.0,0.0,0.0,0.0,0.0,0.0,0.06517524332002864,0.021249599746030513,0.0
9,RACT,0.02,0.3,400,0.197249449697244,0.09978386600011228,0.10850544070394684,0.12021706370312192,0.16870089819106443,0.06302516583114437,0.03618285525361943,0.040568634594491344,0.030613179156632992,0.019398012184122175,0.02242291150006624,0.027830531404092602,0.02275166775378691,0.04275032402655449
9,RACT,0.04,0.3,400,0.1938391080645484,0.0958700702211803,0.10783641626406291,0.12635731587222115,0.16753989140043185,0.06091121419792947,0.028519745114134482,0.04599633302610392,0.03443201746327169,0.01730949108057231,0.024733071156401422,0.03479385414485716,0.02272432175162082,0.03913715024266425
9,RACT,0.06,0.3,400,0.19102219427863135,0.10164152035353681,0.10602339847670972,0.13378901547868968,0.17042788748783952,0.05904372227689346,0.03188637576607443,0.042764153326333744,0.035351391199093744,0.013089719517341072,0.02388148416428038,0.030055918671718983,0.0222869675477407,0.03873625145511636
9,RACT,0.08,0.3,400,0.1940464945524554,0.10337406652286261,0.11798122849461529,0.12004019885668255,0.1699630288390658,0.06450741511373931,0.02996651063831231,0.04221582408760234,0.033564488351161915,0.013246836070459235,0.023364417320104153,0.030729769448464568,0.020103752498982996,0.03689596920549152
9,RACT,0.1,0.3,400,0.19911347429815449,0.10725462215767734,0.10875527890057876,0.1207379986742951,0.1691453727859713,0.06218995684106922,0.03438261720083621,0.041095300536385715,0.03615679778092938,0.014125993219011892,0.020370507993629522,0.028502576648814584,0.018854319216917798,0.03931518374572894
10,Baseline,0.0,0.3,100,0.20094127215724594,0.11972172431412666,0.11365500543864569,0.11514891952834223,0.15650709086889325,0.06949463515429384,0.020729393246494195,0.04007342329620884,0.03191336592585362,0.016973952647912575,0.02362342443084803,0.025460955847331553,0.022245235793240385,0.043511601350563235
10,Baseline (OAF),0.0,0.3,100,0.25808311873339773,0.14564030953033733,0.1494809794568927,0.1609155361868079,0.18736605233645678,0.0,0.0,0.0,0.0,0.0,0.0,0.07941889769083296,0.019095106065274592,0.0
10,RACT,0.02,0.3,100,0.19011077328838957,0.10405173859847401,0.10020143981136284,0.11259229493458028,0.17403321525003723,0.07113669250588571,0.03885908489679986,0.04526398965902032,0.03545137393931379,0.017460309703984413,0.029962730942986383,0.027473053176996533,0.020885737120407512,0.03251756617176138
10,RACT,0.04,0.3,100,0.19166718763166965,0.10170368501765699,0.10805842277968791,0.137653976986414,0.16370129185201135,0.057414738090062103,0.03180298457245442,0.05130638196071148,0.0365565454706133,0.01264965153211513,0.017081905136766513,0.026461366144443697,0.024165039927852756,0.039776822897540545
10,RACT,0.06,0.3,100,0.19218031054629553,0.10394260619709873,0.11722573070770897,0.11902310355494172,0.16541371029400534,0.06269328303552832,0.031317249659590984,0.04080225065330836,0.03905372749656731,0.018399707014140496,0.021290610681654686,0.025553561068024765,0.022876449306561564,0.04022769978457302
10,RACT,0.08,0.3,100,0.1815887059627948,0.10487571609216427,0.1210319110657454,0.1258458083071174,0.182993029007029,0.05816820113560274,0.030159852202639358,0.04578658418819367,0.03261950023467661,0.019439922693300277,0.022833903174381925,0.024973293464544046,0.0160142129296742,0.03366935954213641
10,RACT,0.1,0.3,100,0.1937611123997753,0.1092721932412266,0.10545370549108384,0.12163659180905746,0.1684676943456188,0.06029832297420194,0.03269087987333727,0.04706553923365799,0.038291877406317745,0.013782391036324408,0.020859253776267645,0.027532674562145636,0.022925026713134237,0.03796273713785094
10,Baseline,0.0,0.3,400,0.20072508164760441,0.10715128860587926,0.10938596016004758,0.11343295464431005,0.16698038916996666,0.06314286229717328,0.029537993369062213,0.04368166484051554,0.03551348078187205,0.0156636983231795,0.02028095026791355,0.03015031932024224,0.01854777850401948,0.04580557806821414
10,Baseline (OAF),0.0,0.3,400,0.2579789093043689,0.1592483163938029,0.1489109063063088,0.15468155267067413,0.18919203399318835,0.0,0.0,0.0,0.0,0.0,0.0,0.0693121678364341,0.02067611349522276,0.0
10,RACT,0.02,0.3,400,0.19145483616883152,0.09535321657770722,0.11900015154901948,0.11595871152799626,0.1745052787668135,0.06139994613063809,0.032427431613819536,0.04685801376623617,0.03303325680084877,0.019448262629254233,0.02111895272357032,0.03002667078800858,0.020962641401253684,0.03845262955600253
10,RACT,0.04,0.3,400,0.18686981225247296,0.10635077591770874,0.11514613855711592,0.1251848783577815,0.16923458229816407,0.060408055608099136,0.030251773774471424,0.04134703552311614,0.0346054969229339,0.02098495987400324,0.01960205838207557,0.025727228034550916,0.022851956147262806,0.04143524835024379
10,RACT,0.06,0.3,400,0.18501390175998064,0.10755979038966705,0.12963879963255465,0.12556524189270715,0.16280022793409313,0.06160615310952335,0.02634389330644874,0.04019347544769966,0.03354078512476381,0.01627771288025595,0.021286384355114096,0.029472593826074252,0.019927306494755978,0.0407737338463615
10,RACT,0.08,0.3,400,0.18813562040758414,0.10476596992312462,0.12124730686752891,0.12443005027031948,0.1729289292640912,0.05633816589346153,0.029927612123759377,0.044681994226986765,0.03227471590669791,0.0167374080474334,0.02242302484376038,0.027930065629644753,0.019509240608873303,0.03866989598673408
10,RACT,0.1,0.3,400,0.17984953079567406,0.11601656690453675,0.12007031863385867,0.1325516051808353,0.16372269337972184,0.0623219706989227,0.02824017037891782,0.04027892588728262,0.03444505449264511,0.014802399795924733,0.022383525232067183,0.025381876520336126,0.02048176746144693,0.039453594637830165
