Fold,Method,Alpha,Budget,N_ESTIMATORS,ExternalRiskEstimate,MSinceOldestTradeOpen,MSinceMostRecentTradeOpen,AverageMInFile,NumSatisfactoryTrades,NumTrades60Ever2DerogPubRec,NumTrades90Ever2DerogPubRec,PercentTradesNeverDelq,MSinceMostRecentDelq,MaxDelq2PublicRecLast12M,MaxDelqEver,NumTotalTrades,NumTradesOpeninLast12M,PercentInstallTrades,MSinceMostRecentInqexcl7days,NumInqLast6M,NumInqLast6Mexcl7days,NetFractionRevolvingBurden,NetFractionInstallBurden,NumRevolvingTradesWBalance,NumInstallTradesWBalance,NumBank2NatlTradesWHighUtilization,PercentTradesWBalance
1,Baseline,0.0,0.3,100,0.08579803310245238,0.09251050452323487,0.0681057680043197,0.08061956804134332,0.07370809282861086,0.03168486777899216,0.025050857948777948,0.04154763167926871,0.04675825060513578,0.02255911425517103,0.016223659968085658,0.05647134826121618,0.031035371061040783,0.05175162185286698,0.035624164157410154,0.023970439474084195,0.019745911364414916,0.05009391928976515,0.03305264183841124,0.0302864593131381,0.025686317562365495,0.018487307024216044,0.03922815006567848
1,Baseline (OAF),0.0,0.3,100,0.0,0.0,0.0,0.0,0.1210851286041115,0.0,0.0,0.0754998859583037,0.08666701964794882,0.05578458020064166,0.04355204003870852,0.0,0.0,0.10209182480532426,0.06668922031419937,0.051245974045501956,0.04212398053157087,0.08524463343305093,0.06225962945896715,0.05796988868729054,0.04733367195298875,0.03341558469392822,0.06903693762746388
1,RACT,0.2,0.3,100,0.0725107216296638,0.07489100573088858,0.057484114195194246,0.06811974761440409,0.06788329065159987,0.029297241820761034,0.02408740616877935,0.0547081140969164,0.04881895412446853,0.024242798885381885,0.022725794944578052,0.043213408532523014,0.02846840341226374,0.05847752623706689,0.027465435181378815,0.03075604110153072,0.02527583912699275,0.06492486564305193,0.03680943965889918,0.038843598773980685,0.031286483143526694,0.022974148667516018,0.04673562065863381
1,RACT,0.4,0.3,100,0.07467471853960786,0.07114577735956391,0.05714001898988127,0.06612329809193468,0.07465379363855819,0.029492949010754638,0.02712766582316746,0.05091623886154832,0.05129019215841942,0.026779721536329515,0.022572517841776704,0.040933589931348324,0.027474717212902563,0.06003036150770944,0.029648730637910927,0.027465024636543784,0.021638855664595644,0.0633372507992295,0.038075992537542014,0.038586378117344555,0.030712268527263026,0.02169207793036096,0.04848786064570714
1,RACT,0.6,0.3,100,0.07432637526702533,0.07652258624340535,0.05993775062115823,0.06779867159706986,0.06870037171172,0.03211788026713418,0.02431426265380146,0.05503144440562604,0.05372186833857956,0.025754452172734973,0.020935021383393572,0.044039057130433185,0.025470035561472978,0.05655961266202445,0.031432584503367444,0.027881419234688495,0.021293666637724484,0.05869286428891264,0.039887959679388636,0.03625081183144436,0.027011760610038883,0.023437279545217578,0.04888226365363847
1,RACT,0.8,0.3,100,0.07367580098489977,0.07417594712996448,0.056543717481614394,0.06413388051849825,0.07172219562730951,0.031598909697764646,0.027123213517751217,0.05321414567831856,0.05353972753567692,0.025957501651640083,0.02340518498480791,0.045058344547105236,0.026335661747005638,0.05613589739006013,0.030302853732308316,0.028173023016570063,0.023232662794368048,0.05900213608533245,0.04008106250290281,0.03682607477049348,0.028285009151043674,0.022604822392727528,0.048872227061836956
1,RACT,1.0,0.3,100,0.07111095328834809,0.07756946659213897,0.06038817570937522,0.06165623683052411,0.0698913950103358,0.03348385441886465,0.02322258653990468,0.05246267983499929,0.05414010522755139,0.02722264926161737,0.02257456075057326,0.0437945749027842,0.023916437184749596,0.05894762655653624,0.026530772938201004,0.02655982480486753,0.02353371573283379,0.06048198712591038,0.04187668602120167,0.03989792831434666,0.029390415824278218,0.021704896236997027,0.049642470893060786
1,Baseline,0.0,0.3,400,0.08851682652372438,0.09085409917430382,0.07150226119085328,0.08200564856311844,0.07132989927688238,0.032351242761077634,0.024405378697758693,0.04259953153106285,0.04550356832025924,0.022497708245926135,0.01709313362923545,0.054339514895928503,0.028272023781916133,0.05076291225254852,0.03555003840829526,0.02519557058027496,0.020133666231840312,0.048567041321222734,0.03201754716412375,0.03197747432962897,0.026402284848489926,0.01860200350601475,0.03952062476551391
1,Baseline (OAF),0.0,0.3,400,0.0,0.0,0.0,0.0,0.11702185213477892,0.0,0.0,0.07850002694706942,0.0902298673153675,0.05530933249320037,0.0474582166667667,0.0,0.0,0.10151841706630993,0.06565999249387057,0.053826488830005875,0.041074230776934,0.08833688905974078,0.05852204206038337,0.0558499425868218,0.045748567398841845,0.031254280278949664,0.0696898538909593
1,RACT,0.2,0.3,400,0.07266725483227947,0.07140870722554225,0.05558491874783057,0.06744000332464613,0.07249964277301883,0.03074246220320493,0.02359939076914733,0.052503918706595765,0.05020826467255605,0.024183329374753027,0.020727388655192105,0.043235476092568774,0.026770448915970767,0.05989095389461937,0.02980140437152609,0.030666843620628853,0.024929615102300923,0.06333118129469466,0.038770076686746015,0.03791220946738425,0.031169349397128805,0.023164872044722572,0.04879228782694251
1,RACT,0.4,0.3,400,0.075227841796039,0.07601965467491312,0.05888041869066098,0.06722063792809686,0.06899391806050419,0.03231847430712526,0.025502262285538035,0.05216575054865995,0.050783151372200984,0.02512401259589925,0.021759064204342,0.04433881027350205,0.027698815450295865,0.0572677286852355,0.03011814840775928,0.02761456913064085,0.021967452628708525,0.0621210390877244,0.039940946428823794,0.03732494045400679,0.027515807587591933,0.022513891323710247,0.0475826640780213
1,RACT,0.6,0.3,400,0.07374509463195784,0.07645806162645773,0.05932178755101677,0.06597517378049585,0.06988285689899318,0.033014492975146636,0.025848686104178904,0.05301893152344353,0.05348367448649393,0.025965333145773938,0.02136262810918772,0.044254619596649315,0.025869598893736172,0.057042616396938556,0.029227565411681842,0.027742818505740882,0.022639417118760424,0.06045584480561341,0.040107996210684456,0.03721610915632313,0.02752010118658256,0.021660943294252565,0.04818564858989065
1,RACT,0.8,0.3,400,0.0733123693331574,0.07699365151415136,0.058293941366959055,0.06672328882724897,0.07170274071444216,0.03265833914177523,0.02418429243254126,0.05273169243558949,0.05257287497016845,0.026420638266680653,0.02227812364972417,0.043339449382965745,0.025451457469054806,0.056992881052122905,0.029589504404509314,0.026747860783657203,0.02303187938356018,0.05958212747138432,0.041334441722474295,0.03709991199203773,0.02905914079505445,0.022192804370502434,0.047706588520238416
1,RACT,1.0,0.3,400,0.0753995881474534,0.07851498895770177,0.059904386746897104,0.06167063910809046,0.07319917080277781,0.03176314396382965,0.024540786664375452,0.051524531092933236,0.05352423781259605,0.026466270063129092,0.02217356058134243,0.04270575829498277,0.022997029119567303,0.05935815339893649,0.0316746617880091,0.027782634081624315,0.022157221895468777,0.05924953535716121,0.04008718934249225,0.036812053807494576,0.028733339076031778,0.02209098821018014,0.047670131686924605
2,Baseline,0.0,0.3,100,0.09186371893348891,0.09006890168579078,0.07251774605190728,0.07993306627799068,0.07010685960183617,0.03090613229535531,0.023643234140599295,0.04140844093976867,0.046123975648137965,0.021546665794879134,0.01580842985568832,0.05715093733740404,0.03184929011150948,0.053133902029267134,0.03359474708598118,0.024492473716973103,0.021247796780693873,0.049420552882823265,0.02936096530097319,0.0322643052176049,0.026145081076396078,0.01729290066558057,0.040119876569350704
2,Baseline (OAF),0.0,0.3,100,0.0,0.0,0.0,0.0,0.11948581997383202,0.0,0.0,0.07739343580226629,0.08744865169589021,0.05441704729138573,0.047094160099407166,0.0,0.0,0.10077235868386436,0.07038827972403586,0.05226086478947,0.039656260330327125,0.08612329090422595,0.06187966155417794,0.05313818009905744,0.046724624307585554,0.030238051707981984,0.07297931303649229
2,RACT,0.2,0.3,100,0.07624707394376927,0.07139329805973016,0.05669741895387928,0.06581494364136044,0.07799056929551407,0.02894445984195182,0.025286186552494372,0.05096617614104702,0.046716487719921825,0.02334498047581344,0.01920369221770381,0.041222282373057306,0.02958867680835783,0.06211968437185215,0.03390210146886044,0.03064525266848574,0.02546558715171351,0.0594509785601036,0.03744538655751006,0.04007953386804246,0.030382737097702558,0.02138501213846352,0.04570748009266521
2,RACT,0.4,0.3,100,0.07655578019588435,0.07613654127755896,0.05777338919779591,0.0671235225929229,0.07231721518847464,0.030828721165898437,0.02340918063729754,0.051134538729059764,0.0494439819010213,0.025874376188435976,0.022202380275479962,0.041403040289648196,0.028593306860948034,0.05750525511273159,0.02945221784576216,0.02920352920762314,0.022637897561046505,0.0643726059312798,0.0395940062604639,0.038196169849129304,0.02693346181110776,0.021437785849873082,0.047871096070557
2,RACT,0.6,0.3,100,0.076460694456081,0.0787743273561492,0.057061162971360914,0.06636658602978142,0.06959325421697127,0.03210396909801173,0.024312990042876133,0.05189747970267671,0.05172535369890079,0.026027342180330166,0.022540466085234273,0.04210841201097194,0.02619414318127707,0.05830954533686296,0.03191733905633516,0.02815690703447497,0.023413103154155523,0.05928488642053483,0.039275070516426716,0.037422345664908346,0.027936769999642785,0.02106917719746848,0.048048674588567715
2,RACT,0.8,0.3,100,0.07614277391397338,0.08102121383272164,0.059191964416569195,0.0652542556105747,0.07267615903441926,0.03361286590810238,0.025950241390595593,0.051326865322629055,0.0520393778763839,0.025680206045318676,0.020835671304068867,0.04177572276368672,0.025621768607503852,0.057205412215069744,0.03197946090527879,0.026357747137686745,0.02234974080982585,0.06064562082626417,0.03918164729946828,0.03391407130235501,0.02920099505710852,0.021347910473160935,0.046688307947234615
2,RACT,1.0,0.3,100,0.07516646323884596,0.08062469560019236,0.05965012928401493,0.060023957748505545,0.07756698693371346,0.03199908134260852,0.02319479068304977,0.05277978286575368,0.05298455038580096,0.02723340018006498,0.019815721879399766,0.04080052279369059,0.024179045823792288,0.058649271058189525,0.030562562219600103,0.02789993102516068,0.022819488258122744,0.05960069086647486,0.03772025344519208,0.03612565512112644,0.029671372134387093,0.02111812873287771,0.04981351837943609
2,Baseline,0.0,0.3,400,0.08872922784097222,0.0915939618605152,0.07156885215338418,0.0820680503974662,0.06858452210200908,0.031252355319065867,0.024448736295753903,0.04197299727191953,0.045694398718443545,0.02275829053490174,0.01582130120192402,0.05597853012157146,0.029928425310130017,0.05186291104880028,0.03488407832976663,0.024710264892008314,0.019094192811160083,0.05078939526592476,0.030458386172773834,0.03134341459853527,0.026785754836000857,0.019201635772799035,0.04047031714417368
2,Baseline (OAF),0.0,0.3,400,0.0,0.0,0.0,0.0,0.1188065856423491,0.0,0.0,0.07552905487502286,0.08906895654326026,0.054824107206239016,0.04596504841650399,0.0,0.0,0.09941044600297483,0.07056642837102094,0.052969628923620615,0.04188656322045453,0.08742077361467546,0.05937497732374452,0.055586674240032524,0.04441233876832786,0.03149011284034897,0.07268830401142465
2,RACT,0.2,0.3,400,0.07314720955464585,0.07604327277673646,0.05673126569432538,0.06764009642739434,0.0715985850238366,0.0305424242659539,0.02443717133572796,0.05072285942520583,0.049134328584711076,0.022996174091400704,0.02044642166097987,0.04289627468123396,0.0268465071187379,0.059707474519073184,0.031168970197889688,0.029782146546826364,0.02466113258112181,0.06250081290847745,0.03915361647717503,0.03841074557182875,0.029335174959683727,0.022182656550963388,0.04991467904607052
2,RACT,0.4,0.3,400,0.07490648217053751,0.07581233191747982,0.05946275816572787,0.06703344154086834,0.07229385628055558,0.03165748228890361,0.024616843549239643,0.050986866938084435,0.049677448835312804,0.025112631271791527,0.02111676406403286,0.0422845230048537,0.02664188219800356,0.05915663434087999,0.030446213929700542,0.0270633035894481,0.022951533727736423,0.06177757472648688,0.03984998222944774,0.03751806242772933,0.028488565438458447,0.02139732939173563,0.0497474879729856
2,RACT,0.6,0.3,400,0.07491417946423849,0.0763300107074683,0.059258912351023214,0.0650510890286884,0.07335890574955607,0.032157715473099056,0.02554238202441161,0.05147358259877479,0.05187369652456683,0.026666899646903483,0.02171907725422479,0.04141488356685727,0.026725218971671155,0.05876755152882309,0.03138867115727087,0.02741091678883032,0.021875106312132665,0.06127550169503944,0.03913404788944823,0.03598168664019383,0.027951076774478844,0.020461319352637106,0.04926756849966218
2,RACT,0.8,0.3,400,0.07519833024495014,0.07639154483709569,0.05898022011233374,0.06476108704926672,0.07035695382897009,0.03290316570985497,0.026267821626294232,0.051771255445584356,0.05105587347450592,0.02662758920116342,0.02164675130264286,0.04211392931563844,0.02725649211355207,0.05831493696075128,0.03124430753699568,0.027855069242147073,0.02188901162518252,0.05985416388978785,0.0404604345708334,0.03617068828279138,0.028720861645376322,0.02119351735313742,0.04896599463114454
2,RACT,1.0,0.3,400,0.07510920983904956,0.07962227723083655,0.0601897503390561,0.0606408565107551,0.07349445389705563,0.03168721551052842,0.025347592722187225,0.05256221762033074,0.05236705814446449,0.026524855056977163,0.021606326476472076,0.04130093085230753,0.02411799808036393,0.05890515704690953,0.031416949897377484,0.02704388167041931,0.023153707945174316,0.059833253813894434,0.03961826094829353,0.03640203018178507,0.0286939020246359,0.02149819376564378,0.048863920425482085
3,Baseline,0.0,0.3,100,0.09074991092476554,0.09214422833307592,0.0710247817222343,0.08125637333359698,0.06768599418075796,0.03035766250923794,0.021960038340695272,0.042543232260800326,0.04749665658572367,0.0205886565857002,0.016537991426842983,0.055913655254668786,0.032021828951034524,0.04922112409056022,0.03642400983264786,0.025076095517634654,0.020508065535315645,0.05018734650429562,0.028529022493264333,0.03287970562452872,0.02507666514539684,0.01941270242959139,0.0424042524176305
3,Baseline (OAF),0.0,0.3,100,0.0,0.0,0.0,0.0,0.12385202229633308,0.0,0.0,0.07156782102560003,0.09026154486372366,0.05457770711036071,0.040904355316595545,0.0,0.0,0.10119515929596033,0.06757515937129847,0.05370093391017963,0.0411139677714969,0.0892677490779369,0.06125133565739045,0.05308031402451651,0.04767737007074921,0.0324728500555564,0.07150171015230224
3,RACT,0.2,0.3,100,0.07833028760459194,0.0770472622961752,0.05477332658367262,0.06686004313954483,0.07499790943539651,0.029468952169464116,0.022899228137038527,0.05149006230820901,0.04741060837301532,0.024736025840147526,0.024671223496066135,0.04291646342897618,0.02895174873503535,0.05377960086747456,0.027068335781905515,0.031090089720321488,0.0236571068203153,0.06313891190909254,0.03729064654838508,0.036588703855888846,0.03017257042966708,0.022593442523182843,0.050067449996433346
3,RACT,0.4,0.3,100,0.07344813110369514,0.07669589231439894,0.05662234185189751,0.06607726372057364,0.0689309126382871,0.032204538062222066,0.025095343378936527,0.04906541316603277,0.051931286879769285,0.025488929600673733,0.021569546383994918,0.043046268128757836,0.028995760028915483,0.0602548150375936,0.028070018612333304,0.031050981043785994,0.023695629960384754,0.06271948284015591,0.03837813494823883,0.03504145395243963,0.029116748739122636,0.022510883993492794,0.04999022361429766
3,RACT,0.6,0.3,100,0.07506565658892696,0.07388276514432689,0.05834127891546977,0.06702925872518423,0.07217153551091457,0.0324925899826963,0.025043528447116523,0.051450301446116106,0.053137351968006494,0.025815333901969932,0.022875526178887544,0.040972520637078236,0.025851087854199036,0.05801391856580122,0.030865887422248436,0.028318247437624882,0.021852724937856737,0.060960055826277726,0.04069681500318452,0.03675951984043827,0.02867506752238456,0.021436961519969964,0.04829206662332132
3,RACT,0.8,0.3,100,0.07288492291195012,0.07381458009975338,0.05937416521059522,0.06682930135148155,0.07227449360043513,0.03391898621934558,0.024716924701460266,0.05062223682606021,0.05436027137001238,0.026421526971595093,0.02427967895581607,0.042442986171832196,0.025506687338714938,0.059571678520763706,0.030710052013344077,0.028862091927732196,0.021354031412509314,0.061239637150415256,0.03940019155279306,0.03588196837915424,0.027427778174670844,0.02087066855696792,0.047235140582597264
3,RACT,1.0,0.3,100,0.07255654934239804,0.07683790132415813,0.0631667516609923,0.06230299582461134,0.0733208368109515,0.030309228706700993,0.023307569980905517,0.0563488626782179,0.05534466077329727,0.024407412115157692,0.021342758565875117,0.04060528030321128,0.025352890651253762,0.05879457113169239,0.03155695644851804,0.0285599715833703,0.022685155052333216,0.06061095950982597,0.040087157101405674,0.0346231500155863,0.027590829835591205,0.022626717789962343,0.04766083279398348
3,Baseline,0.0,0.3,400,0.08985704899321345,0.08801101833775386,0.06909783805978993,0.0815462236300383,0.07227331022374513,0.031751167295278895,0.023571212594640612,0.04370579254316288,0.046934629060935755,0.022483818078892295,0.017026873265219015,0.05506271722291842,0.02884563255550107,0.04911634066199779,0.03385149342446965,0.025518283509152764,0.02147994669443047,0.04931635050160179,0.0317043707574432,0.030000494123037645,0.026477125100437968,0.02033346190606089,0.04203485146027812
3,Baseline (OAF),0.0,0.3,400,0.0,0.0,0.0,0.0,0.1195232334701299,0.0,0.0,0.07658833250317162,0.08887015558046164,0.054028005147647155,0.048077670976421724,0.0,0.0,0.10027844841109115,0.06744027154526896,0.05452933931903549,0.041047186197121645,0.0882882895863047,0.06026098816501796,0.05666416834255441,0.04487749618720455,0.030832978955848987,0.06869343561272022
3,RACT,0.2,0.3,400,0.07427987035821483,0.0744201660961688,0.05732426783876196,0.06873018935160237,0.07247068438414635,0.03190747633067566,0.0233348082442341,0.05103172155229019,0.049378525238177505,0.022549988555278226,0.022203280918345045,0.04324060329054165,0.027031512655609265,0.05878616464077467,0.029701229403423273,0.029916949277583118,0.02533995706683043,0.06074419082750777,0.03863498493259538,0.03736680540238329,0.029090442140409463,0.023510666412730665,0.049005515081716085
3,RACT,0.4,0.3,400,0.07435024196575835,0.07437197295153299,0.058407216171918526,0.06830598201162262,0.06960785552704545,0.03206705795774439,0.025137039910949815,0.05262946379769003,0.052207160749609384,0.025270885731321063,0.023002282717280928,0.04282655406625647,0.02646743609394508,0.058285593486779676,0.030065641574169102,0.029485007131791575,0.022559982455913133,0.06123014593162258,0.03851027055770162,0.03671162477730559,0.028325231784759205,0.02171347364211103,0.04846187900517144
3,RACT,0.6,0.3,400,0.07387400336763991,0.07525503933933722,0.059835229271115904,0.06623440513378184,0.072348434949496,0.033385670017996034,0.025462704838092414,0.05060009822661245,0.05268986662730512,0.026104568173672796,0.022792857176537812,0.0427422368030497,0.026544353732155714,0.057768791944501706,0.03064248645114418,0.02736713948679453,0.02298112634784673,0.06136402114983401,0.039417666349522075,0.036651992201628916,0.02758167206625916,0.02146523205689622,0.04689040428877959
3,RACT,0.8,0.3,400,0.07548565862405218,0.07466160176400612,0.06097379138614564,0.06637878841590679,0.07236782180992718,0.032217236326829206,0.025083207012935285,0.050814097345944276,0.0521182446687268,0.025349081367334717,0.022133238789277785,0.041418175308302024,0.02511304870505846,0.05852579123041604,0.03132813204446746,0.02816283907134072,0.023056861473539827,0.0619356945094723,0.039339201430598936,0.035634830228675106,0.028933837225742068,0.02105849072931511,0.04791033053198606
3,RACT,1.0,0.3,400,0.07521911445578795,0.07612716014186094,0.06098678201994301,0.06313248238582066,0.07131866155921199,0.03162230546709245,0.024581807422836707,0.05240837929160466,0.05363725227379048,0.026498045288286823,0.022075875018004575,0.04245393151296951,0.023482163024745133,0.05690088621003058,0.03168556156368343,0.028455450491230043,0.024046338315450798,0.06051491478662916,0.04043158709471963,0.036891640105707946,0.028508508425253938,0.02100825229785539,0.04801290084748421
4,Baseline,0.0,0.3,100,0.08717731457881407,0.09677293761142514,0.07187855249565299,0.08031585258563091,0.0692730850015355,0.03183832380732888,0.024886311699981543,0.04194241308504773,0.04416700595565466,0.0242474827189142,0.017552627415312605,0.05391915806209214,0.030248818196891424,0.05233666232988692,0.032454134011998405,0.022823727111224653,0.020409809756110446,0.049873882849083374,0.028510199532150195,0.03142747896736339,0.02638861833743199,0.018679679886934263,0.04287592400353469
4,Baseline (OAF),0.0,0.3,100,0.0,0.0,0.0,0.0,0.11647464931870413,0.0,0.0,0.07742199404131295,0.08963898209028297,0.05490293206983052,0.05068222150493236,0.0,0.0,0.0995630293025185,0.06564164051752158,0.05257648568176374,0.03852440690716127,0.08986803889257683,0.058964489463861305,0.05577947130341004,0.0492972251449869,0.029500251573964804,0.0711641821871721
4,RACT,0.2,0.3,100,0.07551077206756811,0.07621399801491574,0.05600795355977902,0.06476188120112616,0.07449979411889526,0.03209372712349526,0.02418634521206765,0.050367753316318715,0.04453959925434748,0.02344216501827722,0.021769917941734274,0.04028228735553155,0.026971947757698535,0.06058578811436604,0.030511702038842646,0.03220335012918752,0.026023696469852396,0.0631468249613616,0.03721046568882598,0.04002906913348303,0.02800808713052774,0.022759659477875307,0.0488732149139228
4,RACT,0.4,0.3,100,0.07302802393239755,0.07420730510149097,0.055667562379693114,0.06629664921825423,0.06830449320814724,0.03321531869084177,0.024061491694254707,0.05174312387073945,0.05298287474854449,0.025837785855892473,0.02276617524704554,0.03967111326616824,0.02542632567921146,0.06013963634600841,0.029109612852023608,0.026669577399345962,0.023129172167212282,0.06529964390962913,0.04219138460622696,0.03943339981094873,0.030272204724504686,0.022649827636431898,0.04789729765498721
4,RACT,0.6,0.3,100,0.07439341975154373,0.0745439670189998,0.059833344351254446,0.06182188921564908,0.06792844576766861,0.03216536539020496,0.024960246418026792,0.0542587138193216,0.05210277775571481,0.026440660340494217,0.022047411994631214,0.0426635801696422,0.025422175616213055,0.05924673815242702,0.02881933555207146,0.02900579985438348,0.022778337818683915,0.06179383651618084,0.04084750669503811,0.03748554836002511,0.029613658877191976,0.022414952394973126,0.04941228816966046
4,RACT,0.8,0.3,100,0.07289288160774103,0.07694078016567357,0.060006145717104505,0.061319694056236156,0.07211778975301499,0.0317007113615716,0.024490861314387668,0.05075370524904636,0.05293766725248072,0.025382616090687413,0.021834209984276168,0.04118258548149098,0.027137572129962352,0.06328461980177075,0.028157707909388673,0.027713469877413785,0.023613533068842226,0.06374507657913152,0.040606035850439516,0.03656114359414134,0.02908473529684646,0.021257981538236034,0.04727847632011611
4,RACT,1.0,0.3,100,0.07329924326793989,0.07735707443255636,0.05964636816440463,0.05987024925965711,0.07095278774234347,0.033517366156952756,0.023504696406838353,0.05102971860411881,0.05249978029744195,0.02802789468262583,0.023524735935221763,0.04198421133123933,0.025239474994089534,0.059697417611098036,0.031285718222386315,0.029044914448576185,0.02292564179023948,0.060454419917433964,0.03655833774952312,0.03737417444440073,0.029583580784525346,0.022708624179846787,0.049913569576540126
4,Baseline,0.0,0.3,400,0.08643141784909152,0.089696162734633,0.07155218732733473,0.08033129788515646,0.06908267711091483,0.032918071527139145,0.02613476508521715,0.04337718446646071,0.04460277361637552,0.022868721578479703,0.017009020170226367,0.05475699530669768,0.030814489203220764,0.051661578030448185,0.034760081043508625,0.025631870050556456,0.021119660292069856,0.04862624193869558,0.02994793438737808,0.030887901681112287,0.02734722635106648,0.018255804671640733,0.04218593769257603
4,Baseline (OAF),0.0,0.3,400,0.0,0.0,0.0,0.0,0.11827903132829093,0.0,0.0,0.07998012450588067,0.08916847148595619,0.0556447130642952,0.04739809869104524,0.0,0.0,0.09817335258064762,0.06585019266709696,0.05377338174931992,0.04036196243522683,0.08817396448891204,0.05850833837556557,0.05458912252159538,0.04844371819447168,0.03232261558272079,0.06933291232897514
4,RACT,0.2,0.3,400,0.07434281437778249,0.07506550608735228,0.05766953222161802,0.06592171022148746,0.07025001314082505,0.03231927487009501,0.023512378413987907,0.05214087758727856,0.04699314920800588,0.026067619871212432,0.021058533464663378,0.04052784773069415,0.026793335900295652,0.05985577023753379,0.030249027291115286,0.031598643569674574,0.025472560388256224,0.06290191475370571,0.03802015305125648,0.03638734679890874,0.03096624052200782,0.022887422218056546,0.048998328074186664
4,RACT,0.4,0.3,400,0.07281296320794232,0.07799468062530986,0.05854933089590234,0.06547239469340814,0.06960496987129769,0.03256086087525429,0.02532542653053657,0.052259880221326216,0.050857951477954785,0.025282215518928466,0.02183656898531951,0.04140615605949356,0.025598960014420132,0.05946219009221939,0.029832119416862916,0.02783952080585551,0.024337011357337446,0.0617163918966899,0.03919716118453045,0.03722026873896206,0.028548099177668866,0.02267784938655037,0.04960702896622913
4,RACT,0.6,0.3,400,0.07466894663037804,0.0767205885269083,0.05886773149324909,0.06598502160162897,0.0718111479971634,0.03192088102371619,0.025284382068424323,0.05124837061305426,0.04997078672190329,0.025760969510899002,0.022863845183104626,0.0412124146950853,0.02626803830711418,0.058727421273794836,0.02916861536353851,0.027883703709819366,0.0231983009082999,0.06188142201502904,0.040546969008625464,0.03664715753419932,0.027616969966909703,0.02264164813341424,0.04910466771374069
4,RACT,0.8,0.3,400,0.07429184066255548,0.07571032748138416,0.058184448771146376,0.062031193952055835,0.06897263716358369,0.03330865160127031,0.024658111378131294,0.05205246379554632,0.05393218359603725,0.026375921703402916,0.021300392858301435,0.04179471199578043,0.026367312008304902,0.059104575710452155,0.030095521584620272,0.028602934703678473,0.023702737527892734,0.062450193678089905,0.04049128406291012,0.03741371632008413,0.02863822491335924,0.02165360525384308,0.04886700927756926
4,RACT,1.0,0.3,400,0.07457767893357321,0.07501940326264857,0.05970766714177994,0.062106486137363824,0.07122739610255889,0.03183937844926125,0.02443855053394239,0.05277169480658065,0.05301150703268617,0.02706293890012027,0.021900581740195286,0.041926730529829336,0.02300210449487426,0.061332564070933716,0.03099216564880339,0.028678124215252364,0.022702808258597253,0.06198350582695136,0.03956022790968622,0.03645242459374379,0.028942456432058915,0.022681390548467184,0.04808221443009189
5,Baseline,0.0,0.3,100,0.08589825183710724,0.09036206137337831,0.07161752250397767,0.08165314793267023,0.07230968752696408,0.03366971464124033,0.026160343989706018,0.045198643902836975,0.04821891714765801,0.020492119070734564,0.016307307663522147,0.05396851838614774,0.02958685465300372,0.050481012791261534,0.033669239555366756,0.02200843420969531,0.01902786320480015,0.0504691325642644,0.028492544783411834,0.03184478521664993,0.028732453499961595,0.019758850844548783,0.040072592701092764
5,Baseline (OAF),0.0,0.3,100,0.0,0.0,0.0,0.0,0.11864388769378284,0.0,0.0,0.07679074595928795,0.08422517285690229,0.05353690449146639,0.04459805545458293,0.0,0.0,0.09847484704943665,0.06662646236470085,0.053241381121893035,0.041733904484972544,0.09324712026218322,0.06116682489704479,0.05705007213223424,0.04786031596766347,0.032806787107741986,0.0699975181561068
5,RACT,0.2,0.3,100,0.07589383119152383,0.0698378477044339,0.057943583412184835,0.06761362782286075,0.07540368007591773,0.031022082659157447,0.024188037969746907,0.05102341140016658,0.04743657003122625,0.021731102723326012,0.02043828038967031,0.04273698014870983,0.024418695691667373,0.06152812136099292,0.0274564501311728,0.030078668535156262,0.024350404493509364,0.0622448084439617,0.03913071840352939,0.04116090470716105,0.0310793896268013,0.024255945362705325,0.04902685771441801
5,RACT,0.4,0.3,100,0.07418227420706641,0.0769548533250555,0.058720792887496424,0.06905685323565401,0.07247720884859803,0.03146908407997788,0.023985129995604988,0.05118014253772518,0.05233766600557522,0.02545268082462321,0.021593989358786154,0.044650627561865816,0.026405367237661022,0.05874847419032579,0.027934795636300882,0.028294276661165785,0.02228587481068802,0.06015605794461644,0.03940635770120631,0.03657455472828066,0.026913492398167843,0.022185879722772,0.04903356610078636
5,RACT,0.6,0.3,100,0.07498968529142891,0.0754300099069214,0.05913865107701682,0.06411157360979297,0.0702380292489348,0.031329360519754414,0.024849644615527855,0.05154318724810729,0.05190806051478611,0.02596690402965933,0.023631588580144046,0.04245552055484127,0.025890018892386527,0.06067673246298126,0.02860623866077551,0.029314222912384492,0.021088205305252686,0.061732202559650645,0.040840569298727036,0.039584162743787274,0.02702666527669738,0.020304064501982824,0.049344702188459086
5,RACT,0.8,0.3,100,0.07524009982008284,0.07596098085711629,0.0610548406760904,0.06274212909756387,0.07372606728259141,0.035609142535826394,0.024192147691011436,0.0522056465367498,0.04979840431681385,0.02440697492949183,0.020337474541238017,0.042628480161988516,0.026298581598013817,0.05670040772441328,0.029880588243549572,0.027579267148820325,0.022788463673733893,0.060415190334737086,0.04101864385450846,0.03895476257653943,0.027041607308700963,0.022631379114474926,0.04878871997594372
5,RACT,1.0,0.3,100,0.07210343518671097,0.07632417285009624,0.05828228447335376,0.06480263037422211,0.07405769371133536,0.03072526109640745,0.025376649313493937,0.051568917614246264,0.052146321088398805,0.027089849235371267,0.022571539526076104,0.043304827781748066,0.023463728342127302,0.0584716255768569,0.03265733522066036,0.02771653462105437,0.021057154608130294,0.06041964956916816,0.03945044130072369,0.038305367315529505,0.029926773184356378,0.02107702967860758,0.04910077833132499
5,Baseline,0.0,0.3,400,0.08852650182120811,0.08907389773970201,0.07041386439112315,0.08148020815908862,0.0715992658782243,0.032045318111403924,0.024920374393250556,0.04259713993481823,0.045116436224646096,0.021267760414053788,0.01759532450085906,0.05399263649724194,0.03099003340377464,0.051486322621901184,0.0328463652823929,0.02512645681710903,0.02075455003707177,0.04939072295944373,0.03246151567501455,0.03163511422463945,0.02604631626907789,0.018534321606208645,0.04209955303774656
5,Baseline (OAF),0.0,0.3,400,0.0,0.0,0.0,0.0,0.12069127158534007,0.0,0.0,0.07767287690183187,0.08699878848610504,0.054840345930787904,0.04563523390850982,0.0,0.0,0.09990486436265547,0.06629940737900901,0.0548728174696277,0.04086670564773805,0.08844982459151321,0.058917827510472,0.05593740018959247,0.04749084474036841,0.031255188208466754,0.07016660308798205
5,RACT,0.2,0.3,400,0.07147668105830705,0.0739308117329531,0.05613717606858702,0.06794829899148581,0.07562699740029029,0.03195891999400403,0.02319233076906195,0.05207852467854698,0.049901972578132316,0.023609499155911078,0.019746484378950328,0.04375911123244791,0.025223333745669624,0.060081761645742006,0.02979454859670197,0.031202003923861677,0.025208610686419473,0.06124828309408932,0.03787510341475217,0.03918047363425133,0.02918945299627933,0.022422510704850802,0.04920710951870443
5,RACT,0.4,0.3,400,0.07540637404025047,0.07656803245949793,0.05727025047265132,0.06838264871520834,0.07219368954970655,0.03231642227915695,0.025353482304892965,0.05073232354638336,0.05012010887529573,0.024867327740306554,0.02095623910354775,0.043682327183423825,0.026356853457290788,0.058174916773309875,0.029929808151347537,0.029116248332823863,0.023159329886565216,0.0605074324782585,0.03811307398919464,0.03783664328251821,0.02837276777939282,0.022472833158419254,0.04811086644055748
5,RACT,0.6,0.3,400,0.07408487340222161,0.0751054767912365,0.06003931032873116,0.06785847165084298,0.07104805434115623,0.03342331154864043,0.025907450238785403,0.05089293061823935,0.053147677521195626,0.026152989391654773,0.021888620628353787,0.042170741967741364,0.025364211529333398,0.05648058164821623,0.0303241039374195,0.029309217214635416,0.022864381396434354,0.06013076215817964,0.03798123785990391,0.036984243303240225,0.02857750322032455,0.022257870959391697,0.04800597834412176
5,RACT,0.8,0.3,400,0.07172047099998555,0.07566249980249,0.060040698997363674,0.06482125483160782,0.07190550770176023,0.03226181636846361,0.0259593508910194,0.0521292441094958,0.0522579732866123,0.0257432595008305,0.022015542724601017,0.0439577733361175,0.026510897153348215,0.058699438158101754,0.03063307388319062,0.028059737006280488,0.021965603624845634,0.059669095015998826,0.04063181149102261,0.03664916525878878,0.028600359346304723,0.021693499429839082,0.04841192708193171
5,RACT,1.0,0.3,400,0.07303547107536415,0.07711681622291945,0.060103723993427324,0.06231689336279797,0.07383142058470546,0.031786990038464275,0.024559301203146394,0.05281630670125847,0.05434209996593311,0.02729866700652162,0.022856029650354565,0.042682892620177486,0.022430884213188364,0.05874179102819596,0.029911435684899117,0.027752626144719204,0.022498850580441227,0.058853361471051115,0.040981785732898,0.03703084801247212,0.03010136504363563,0.02077980641832117,0.04817063324510783
6,Baseline,0.0,0.3,100,0.08737823784702213,0.08973159884563658,0.069318511793525,0.08020402481434598,0.0738318483314887,0.030828853643079076,0.023437500295382354,0.04603262874682708,0.04614581090842864,0.023267989974223996,0.019041737625862518,0.055624341137070835,0.03156920042146968,0.05075729790191828,0.03360082830955426,0.021874229511218698,0.020786103736513187,0.047672895788355894,0.03147114985960693,0.030616175648791804,0.0268626627925327,0.01945229860587767,0.040494073461267856
6,Baseline (OAF),0.0,0.3,100,0.0,0.0,0.0,0.0,0.11992078300746443,0.0,0.0,0.08411177200054294,0.08652509586316617,0.05393766617678507,0.046587085776074635,0.0,0.0,0.0970754561818323,0.06126602620138991,0.054908406457425285,0.0424841277007478,0.08676183405488362,0.05821847725685059,0.055238713656766074,0.04914301239207654,0.0325121040936295,0.07130943918036503
6,RACT,0.2,0.3,100,0.07551216398761461,0.07123744758366114,0.06142090979341358,0.06894064458821947,0.07376725726608181,0.028468184543377007,0.022463812516614973,0.05064090174775049,0.044065338619585157,0.022651287998175226,0.019465856902824766,0.04204622090277129,0.027872422380423756,0.06026442151010519,0.027997723677327665,0.03164386985399491,0.023958053603683797,0.06715356110747725,0.03716787017695148,0.04201675902558909,0.028736420002120604,0.02257101238223514,0.049937859830001645
6,RACT,0.4,0.3,100,0.07403487455314033,0.07366527696989988,0.056556436041027044,0.06946373829589542,0.07407127885666163,0.03248939090346267,0.024276409626142546,0.05213668019353063,0.04670764131462134,0.024550632349449732,0.02143602783326272,0.04336033489116438,0.02609601845592423,0.059536436103935844,0.02877738691322415,0.028843961475141167,0.024752114198661676,0.06322035989770727,0.03873055476246359,0.03768717303495273,0.027247285497263792,0.020342717154088544,0.05201727067837844
6,RACT,0.6,0.3,100,0.07045383432006294,0.0752105804076675,0.06157484957336989,0.06604635906394515,0.07102096005799172,0.030227730373940612,0.024900818696308828,0.05123590134759464,0.05283372919130198,0.027331923150471168,0.021053627979832117,0.0428107334025295,0.026718474952338877,0.06102752917022565,0.02963315090395542,0.028387645546097885,0.02249544946769399,0.06369946926032835,0.03680752629239542,0.036120713002017475,0.02830857884523382,0.021556226830370357,0.05054418816432668
6,RACT,0.8,0.3,100,0.07378145423360032,0.07532360384226865,0.05996676401265096,0.06159172623366217,0.0721624352059174,0.03329430504488292,0.02616775198077406,0.051642350208689944,0.05303342321265462,0.02477753210239211,0.023158595085462776,0.04212265999448113,0.027944780771643217,0.058752001967784524,0.02859520100476603,0.026344949019316135,0.020714431386342824,0.062423274469779994,0.0386288961669004,0.03716619456223348,0.029532382716479715,0.02338407196975038,0.04949121480756623
6,RACT,1.0,0.3,100,0.07150663152129651,0.07748826596853822,0.0595961367585603,0.06049025545975049,0.07121234744300929,0.030120519377394767,0.024768281328135102,0.05423809637761458,0.05350588554018507,0.02798741492556879,0.019442241486906833,0.041571986212049654,0.02404270429712628,0.06179048955607277,0.030708192477054364,0.026479628495476065,0.023430479438775995,0.0625223468039478,0.039472386344200694,0.037021821451410676,0.030224007950075973,0.02156642894079726,0.05081345184605254
6,Baseline,0.0,0.3,400,0.0876045213295122,0.08979744045395649,0.07268213064830445,0.08128313459163383,0.06824453745968605,0.03247102693851953,0.024375887521513897,0.04286336554039059,0.046028985900913366,0.0223379211109953,0.01749595093573012,0.05586024014050405,0.030393070642308773,0.05137106576424941,0.03461319284690019,0.026110791192235132,0.020432826260409955,0.050463657014533765,0.029668278145762724,0.029885491060391026,0.026381104227023444,0.018918430763925458,0.0407169495106004
6,Baseline (OAF),0.0,0.3,400,0.0,0.0,0.0,0.0,0.11691825436996725,0.0,0.0,0.07394743973327357,0.08762382343092619,0.055688184351126636,0.04806148279767534,0.0,0.0,0.10018222213806101,0.0662384699224633,0.05422664451013008,0.040203533447874,0.09060555881404687,0.05922766343011661,0.05573057237291796,0.04825606239495358,0.03123728747664286,0.07185280080982488
6,RACT,0.2,0.3,400,0.07357265985794217,0.07323609335236905,0.05686322872751453,0.06828962103623902,0.07260713803981203,0.032952133273821835,0.023915112146986328,0.050659851269259,0.048428688266562436,0.023835597827342417,0.01970453384912751,0.044691977906780485,0.027242210133809557,0.058841490582696394,0.029299427374128634,0.031142555823520865,0.024985739308455993,0.06411451302037197,0.03622947929998466,0.03838319138221576,0.02881900151194969,0.022989590962496875,0.049196165046612846
6,RACT,0.4,0.3,400,0.0732646064836351,0.07279674139573507,0.05795557300077472,0.06679736083808678,0.07126458523102192,0.032692320865623424,0.02537418085579142,0.052783431166637404,0.04998540278214649,0.025391211795539447,0.021118018300934075,0.04283592129052265,0.0272747709223944,0.0599267688677575,0.028728512429047396,0.028199252566696874,0.02322071268990966,0.06277069428354533,0.03825942908437946,0.03765573379932957,0.029419487856000587,0.022704897454019775,0.04958038604047097
6,RACT,0.6,0.3,400,0.07291748176717087,0.07709765263589632,0.0578482788405468,0.0645409346040857,0.07152874784892932,0.03338863720324487,0.025973818999233067,0.051009287726397456,0.0533537095897293,0.025706804259008946,0.020936283101047278,0.04174890114693956,0.026472445354970463,0.05943130144961992,0.02912306563817305,0.028854182088700383,0.022335015483745446,0.06343355105238149,0.03897646309006081,0.036722760770401576,0.02894146656076709,0.02155349159414045,0.04810571919480979
6,RACT,0.8,0.3,400,0.0739721910358209,0.0768469988531796,0.059541276531922135,0.06379294865191802,0.07170233280952489,0.03168354901705727,0.025855010860495384,0.050858023240829525,0.051335343270253866,0.02561451763201324,0.021553572412776736,0.04204588320010687,0.026644775101342742,0.05906061741749894,0.03043144259049741,0.02806798318888136,0.02270495524413051,0.06118676354236957,0.039287278497672294,0.037840886771226365,0.029037276196828846,0.022084924709312687,0.04885144922434074
6,RACT,1.0,0.3,400,0.07514249285843291,0.07775102857280453,0.06017026518406454,0.06221953070164471,0.07137040837258184,0.03145683092085147,0.025344439309442877,0.052555899341118414,0.0523393823319588,0.026367185774113934,0.02211698859645937,0.04328439357791318,0.024242098183283916,0.05923196663703874,0.031723183188589035,0.02728750244477447,0.022272752022347308,0.060030475749254464,0.03832714585873863,0.036651785184320815,0.02915764079600785,0.021310674403193088,0.04964592999106495
7,Baseline,0.0,0.3,100,0.08710909514887825,0.09113185683970336,0.07207376246137773,0.0807205169918344,0.06700332980671314,0.03228049921996473,0.025544286279199892,0.04506820362993128,0.04683306853959289,0.02313344180891284,0.015428169650367293,0.05578081071399019,0.031090002374253477,0.05148757435798303,0.031914565887679165,0.023729648681296314,0.02151901378313881,0.04976988883791884,0.031568816421721,0.030914806530979794,0.029488709018273534,0.019609785888568456,0.03680014712772178
7,Baseline (OAF),0.0,0.3,100,0.0,0.0,0.0,0.0,0.11601642744709083,0.0,0.0,0.07917664940506364,0.08919172541991309,0.05491878438079051,0.045147966157983915,0.0,0.0,0.0964001749183599,0.06675525489648024,0.054205905953672605,0.0408166568789676,0.08745406912788674,0.06103506228287688,0.058348844193826147,0.04634344982054873,0.03368060465106773,0.07050842446547159
7,RACT,0.2,0.3,100,0.07355195509215526,0.07243300653799499,0.05678523748992836,0.06625696568327841,0.07177240633598077,0.02941615560918832,0.024863210390552767,0.05007767100497309,0.04781486048787466,0.024236460148354285,0.021944333043623084,0.04306423894134498,0.027995807123259997,0.05985684957750128,0.030924023129315335,0.03028790763459647,0.024952246974179318,0.06432543352669434,0.03436932190073941,0.039721265931945506,0.03100453083703203,0.02438527402408579,0.049960838575401366
7,RACT,0.4,0.3,100,0.07350702086768462,0.07640399794597309,0.05594948828581769,0.06690803627555016,0.06926414583911385,0.0335440643100902,0.02381463858990842,0.050124392052367045,0.0522195356430282,0.024098482269726343,0.022077287560760668,0.04241854261584972,0.02938788011725533,0.05800673485335608,0.029198573404349223,0.027540684472681383,0.023780018700725058,0.06328981364259505,0.038597341556345775,0.03675270353314254,0.02924845270612569,0.02396238970885432,0.049905775048699655
7,RACT,0.6,0.3,100,0.07410186897934896,0.07760681220401267,0.05686277775492508,0.06659180683465295,0.07217922242139539,0.03126552568955089,0.025693179860817275,0.05266933994547365,0.04914245609060038,0.026754116031614077,0.023406133407098732,0.04158969800779877,0.028215441417118403,0.0615311098960279,0.03087988090206699,0.02719164167557689,0.023224038934416696,0.058573856595865205,0.037756251408666536,0.03731587093793624,0.02700030210257336,0.021676262599867074,0.04877240630259583
7,RACT,0.8,0.3,100,0.07643026136039668,0.07633593856083519,0.061067606541347734,0.06458367734619286,0.0705227531545454,0.03345697752927391,0.025107145480167008,0.053538744984007056,0.04815339476715193,0.026040417316034136,0.023415215512877074,0.042444882999097926,0.026449480074219513,0.06019296291135807,0.030278309610750554,0.027019121869113105,0.023085541095960636,0.059775925222397955,0.040891456147847755,0.03558676318596318,0.026933035061963574,0.021150031429181638,0.04754035783931713
7,RACT,1.0,0.3,100,0.07636821084688206,0.07639684787621025,0.06171607211726525,0.06466867940398661,0.07215877836285732,0.03272644045439176,0.024987390277696694,0.05189977971085291,0.05082649597796183,0.02657217332029458,0.0212520918946852,0.04182456243173099,0.023093587476450968,0.059088011741063366,0.03234803324826148,0.028137587683051288,0.02268943077473013,0.05813050464259558,0.03831303771556189,0.03773197756155058,0.029626098897733613,0.02063132912926011,0.04881287845492556
7,Baseline,0.0,0.3,400,0.08828256043246369,0.08827032468523274,0.07236800186243499,0.08250437046297823,0.06899492888320626,0.03128792305057395,0.025639042551383443,0.0426839976541639,0.04670224087670596,0.02193927497941243,0.01740322458384958,0.05569352187839222,0.02999421364061619,0.05176756431556761,0.032978292381538904,0.02549444868998253,0.021849225108237082,0.047848755397608536,0.030658424009485104,0.030417416351578307,0.027329351483899884,0.01925113567870262,0.04064176104198562
7,Baseline (OAF),0.0,0.3,400,0.0,0.0,0.0,0.0,0.118506623745056,0.0,0.0,0.07688782849102835,0.08669427436834186,0.05501857537070382,0.04493888627544286,0.0,0.0,0.10078647513864247,0.06589325844272946,0.054655876054548864,0.042424137522653865,0.08694730206153482,0.05956743193426832,0.057533795648156624,0.047507115473093504,0.031147247446797522,0.07149117202700177
7,RACT,0.2,0.3,400,0.07384680881674856,0.07124297619844494,0.05832111652991608,0.06813364648018876,0.07267834610407803,0.03188027685949179,0.022531845205639583,0.05175289549523881,0.04920259614931792,0.023341160429557403,0.019933132494354106,0.04266058819524441,0.026847785599942855,0.06112742523575606,0.029307852250292657,0.029795299715540055,0.025173019535501936,0.06219420564905729,0.038280032463142016,0.03976349685010629,0.029602591795856753,0.023018535845704503,0.04936436610087918
7,RACT,0.4,0.3,400,0.07384950988870533,0.07440019727660432,0.059409033932986716,0.06634518971152575,0.07144183756908061,0.0324391111853728,0.025092904945383764,0.051444880495971776,0.05007520384371791,0.024482180221987098,0.02149276083951097,0.04421780576529665,0.027490206214278314,0.059754908157360974,0.0292993943775723,0.028185985534298727,0.022966835380089236,0.06159000354042069,0.03915438596684842,0.03839689120923857,0.028369126462637326,0.022058444092475978,0.04804320338863581
7,RACT,0.6,0.3,400,0.07561906089671615,0.07551412037246162,0.059028984966592375,0.06629446968871074,0.07006655719634745,0.03238976910602776,0.02516448947891448,0.051095124459209,0.05151159143766621,0.02541241810172764,0.021642720060563003,0.04246416339746981,0.02632524866125717,0.06080527354610574,0.029264413393713377,0.026654742185544648,0.02212586606118793,0.06081899217918327,0.03976735284449105,0.0372843272137706,0.029705835991218656,0.021781019208574753,0.04926345955254664
7,RACT,0.8,0.3,400,0.07173393072396007,0.07460561315566239,0.06030490854178168,0.06471825941190812,0.07152021162607504,0.0328849819308492,0.025788388992841253,0.051952779025554244,0.05201168834253545,0.02608109861179158,0.02207660977078384,0.04193386072194031,0.026403875456217737,0.05860171895603872,0.029834124712044677,0.028115439847457537,0.023098979334349855,0.060899761994571915,0.04150315439024824,0.037285448195424155,0.02838598190875142,0.021991547222845097,0.04826763712636743
7,RACT,1.0,0.3,400,0.074338392201218,0.07654814554997519,0.060255716073136734,0.0617166091138068,0.07265274864857378,0.0323262976517355,0.024517820539647066,0.05226341343671194,0.05350863100123218,0.02670701326720322,0.022047468268202607,0.04295718635887885,0.02294546239508489,0.06054355220469461,0.030078752958615528,0.0281903515701572,0.022580096847949444,0.06032836746560342,0.04028010986481784,0.03656614980335808,0.029162917667737553,0.02130626451509804,0.048178532596561706
8,Baseline,0.0,0.3,100,0.08926447769176354,0.09194032401750597,0.06991001900503335,0.08054674540890522,0.07072030568005966,0.03422808634075489,0.024319851213109592,0.04328816453366989,0.0468539491442933,0.02238535165706114,0.016425227645187713,0.05772263321114509,0.031833787049745835,0.046752587766777404,0.03507301397004832,0.025744262560682313,0.021008486985668786,0.04584020796398587,0.03113604629357342,0.030897590060213156,0.02530761289501167,0.0179999525856995,0.040801316320104315
8,Baseline (OAF),0.0,0.3,100,0.0,0.0,0.0,0.0,0.1226861515065296,0.0,0.0,0.07870340363995361,0.09088652203629248,0.050524066020798196,0.049717387270440117,0.0,0.0,0.10279907137583051,0.06536799503571206,0.05181810552344868,0.0408451186771847,0.08441445173123446,0.06023382404395053,0.05046044663372346,0.04867592218115164,0.030711890851273887,0.07215564347247613
8,RACT,0.2,0.3,100,0.07350273851291056,0.07430967841323473,0.0562218075515721,0.07046494405623784,0.07279918749419392,0.03070370695174222,0.021528684632664104,0.05227447908493838,0.04722030637429827,0.02399302263661385,0.01960922526151569,0.04673488746709315,0.026308901414226808,0.05898432320982353,0.030417501399350327,0.034617187717788815,0.02373154260332276,0.05939610063754031,0.035896052845918014,0.03966374949199921,0.02815083410808095,0.024588040473385534,0.048883097661548865
8,RACT,0.4,0.3,100,0.07225312788374672,0.07523894127166698,0.05909649947097465,0.06606389761133029,0.07259300275426182,0.03149101169737481,0.023301944515445216,0.05276390254842675,0.0503786762429163,0.025229282729309167,0.021344000381614294,0.043589414126842814,0.02747736165922291,0.058239008492760064,0.02912848259485721,0.028700454025179446,0.02097132313794693,0.06442115992008839,0.04155423639616689,0.03633589586028377,0.028444321714154612,0.02260913547330236,0.048774919492127713
8,RACT,0.6,0.3,100,0.07102341598592025,0.07670803741150523,0.060269487328704664,0.061397050446808314,0.07427291718925186,0.032069184894458536,0.025721389555531812,0.05533632532938938,0.052316764991166616,0.02596507129357206,0.020497960766926508,0.04478497167514507,0.027394787310870833,0.05509212010992939,0.029776419317348406,0.028333392392780783,0.022208582572098557,0.061731757492936135,0.03984643834901329,0.03571986903950336,0.028107094083573217,0.021671875820073704,0.04975508664349194
8,RACT,0.8,0.3,100,0.07625489881645021,0.07418220433888849,0.06151698691388413,0.06504871368984219,0.07000106223393995,0.03093329009557174,0.024836956635733064,0.05552632757962552,0.05200003156401963,0.027226756988303843,0.020835441789998913,0.04356984717650053,0.025760681571299068,0.0580617213926621,0.02820030411898879,0.02773664201792239,0.023806704074704997,0.059623990602429046,0.03742922821748328,0.036323355463640045,0.028866019567737905,0.021065350198737582,0.051193484951636455
8,RACT,1.0,0.3,100,0.07183223879993812,0.07629955569911381,0.06101511646394963,0.06071383943340383,0.07190821356332283,0.03333644444455333,0.025048132334772887,0.051982515832314266,0.053701744151107185,0.02579773145215308,0.021043309034964448,0.04290680075082797,0.02405289294624722,0.05972387190330233,0.03053965370574972,0.02895468315395444,0.023141163116472515,0.06069395915570094,0.03977066374086493,0.03710831798552142,0.030818760286099586,0.022078856675118837,0.04753153537054657
8,Baseline,0.0,0.3,400,0.08857983322861432,0.0915234817137422,0.07062555957816194,0.0825243132614346,0.0708886634329372,0.0326874000204677,0.02570608179332783,0.04322454623741083,0.0444686274039169,0.022166270088352615,0.016544471485116456,0.054628077131201706,0.028290633717989573,0.04952759801740598,0.03645873502009331,0.025365191400359564,0.020184285274372084,0.047971758010938705,0.031289460091829584,0.03126751053791685,0.027330019479758577,0.017679169215798693,0.041068313858853074
8,Baseline (OAF),0.0,0.3,400,0.0,0.0,0.0,0.0,0.11959789578268333,0.0,0.0,0.07692575769600275,0.08791230131050735,0.054452836099191985,0.046518496359458546,0.0,0.0,0.09933667559858346,0.0644859648209699,0.05263568052128664,0.04078850487217893,0.08952885489044117,0.059933731038707715,0.05615192366104482,0.047941217793831564,0.032004744490169205,0.07178541506494257
8,RACT,0.2,0.3,400,0.07479935500003064,0.07463241173108685,0.05797344975182362,0.06766222563475488,0.0731356692429325,0.02992988100646271,0.0246123301173913,0.052391118596795516,0.047829130325253405,0.02289124399093131,0.021376444424963108,0.04452755223540292,0.027614991579136258,0.05899275629070691,0.028212169613941282,0.03139059535992481,0.025476239993611982,0.060256380459417266,0.03694908147047795,0.038086614384717526,0.02976175105302091,0.02316009957465276,0.048338508162563736
8,RACT,0.4,0.3,400,0.07605922934081981,0.07417038850533725,0.059280410945263685,0.06829477834913744,0.07005632806948082,0.03297228332749286,0.024524538603995463,0.05227991380597797,0.04978263060664212,0.02480539723954755,0.02153102640005857,0.04425091470590603,0.027324728449669575,0.058148355618722204,0.02944936515499078,0.028595746091661097,0.022720640281028836,0.061141540679382045,0.03721238754828436,0.03758403803006766,0.02880205459630007,0.021734220552960298,0.04927908309727342
8,RACT,0.6,0.3,400,0.07472484627823374,0.07602560224851468,0.059590346286892644,0.06558227878390425,0.0707356845401071,0.03263627416689299,0.02487849435390741,0.0525737420684187,0.05109407357715178,0.025593391365110046,0.021455332435323698,0.04361886639572492,0.0269217306550791,0.05785254181753693,0.029196074058834554,0.02712573756827603,0.023002648334588312,0.06076929388711418,0.03878693729449864,0.03731494469588189,0.029433529060864,0.021746432191328352,0.04934119793581623
8,RACT,0.8,0.3,400,0.07455535415729948,0.0772284116175118,0.05996886572430391,0.06620531083010746,0.07211793898791678,0.03181331892219339,0.026349398630580008,0.05315040079853008,0.05173294498736653,0.02472295275565074,0.021919483104976937,0.04271317190534775,0.025664150699399396,0.057738708949034184,0.02957274992661188,0.027543815109754413,0.02262941833878836,0.06092642233746061,0.038816737329702436,0.03586647900372253,0.027835482553906353,0.02253632731251669,0.04839215601731831
8,RACT,1.0,0.3,400,0.07213028425303636,0.07810983039648456,0.060813468266904085,0.06244637610851392,0.07333950159504281,0.03244830308077222,0.02475618758387816,0.053369654737580687,0.05165271105886532,0.026802178996351247,0.0226030850426615,0.043489182425570684,0.02327228484535626,0.057262271523961135,0.03063116382652518,0.027579664302205778,0.023176538457920136,0.06103435637211366,0.03970249064552622,0.03724771621621567,0.028810157637693644,0.021808193329376894,0.047514399297443846
9,Baseline,0.0,0.3,100,0.08695315365498081,0.0894265269540232,0.07607601577404621,0.08230690841535472,0.06706570768599542,0.03205238032258749,0.02262386407682564,0.042169314881880436,0.044183300666879276,0.022002432291709364,0.017591189914232818,0.05572023972661727,0.03152621417395367,0.052857122668688625,0.034076252618790735,0.02552263652167847,0.023499363910117456,0.04707998026604221,0.03018967637961687,0.030657181317252896,0.025711929711524424,0.02045687623010931,0.04025173183709268
9,Baseline (OAF),0.0,0.3,100,0.0,0.0,0.0,0.0,0.11847492457759232,0.0,0.0,0.07451495284182502,0.0873870570247385,0.05492736238541183,0.04711432742773233,0.0,0.0,0.10020352619303148,0.06697017251305294,0.056621128388848696,0.04049248235693463,0.08255661707672497,0.06177313958214014,0.059381168548503595,0.04701674475439192,0.03378527488968537,0.06878112143938629
9,RACT,0.2,0.3,100,0.07679022208901015,0.07717796649411544,0.0571223964147782,0.06830951219019103,0.07184887597157114,0.028925007354692226,0.021314017614105937,0.053769845682593076,0.05045927864609202,0.025231555756204387,0.020687709134148462,0.04103772406893569,0.026789873046013882,0.061018658814275345,0.02900490137114147,0.03126520794408789,0.024890624230694807,0.0626528233996477,0.035467758297204596,0.037897802812701255,0.02834538401478675,0.022791058412904474,0.04720179624010401
9,RACT,0.4,0.3,100,0.07073669608050524,0.07682343990541451,0.0596178990227113,0.06751634385670052,0.07188139135453973,0.03148047631413519,0.024989687243152828,0.05092676205442201,0.04959425726304977,0.02467519722344008,0.02138671372120602,0.042467437879711196,0.027469240274984753,0.058453251835518215,0.031071205480139828,0.028481947017846128,0.022889735847739186,0.06235691875585385,0.03779921742499625,0.03851500046110859,0.030099028042370846,0.022215005456960535,0.04855314748349328
9,RACT,0.6,0.3,100,0.07340197205878847,0.07658054330955527,0.058097838988164494,0.06620911566456274,0.07016787277991386,0.03392849317529531,0.022106675083486033,0.050122440377433235,0.0532282753009289,0.025264433486121812,0.02061298266598765,0.042863281811195586,0.027810965234073927,0.0586273731308746,0.03017080726628835,0.028211666714321296,0.022111302468583786,0.06019954652307084,0.04015117199415186,0.038329096490374595,0.030406419439374034,0.022983837015809968,0.048413889021643466
9,RACT,0.8,0.3,100,0.07623524632843309,0.07522879163048256,0.060833818243921936,0.06380540646525433,0.0718798641491404,0.032412730755122514,0.02583734861157092,0.0505386778451368,0.0505762809391308,0.0269864406074712,0.022394280241335846,0.04140482565191252,0.02610029639315801,0.05819749797807198,0.030179827314737298,0.02956477113350421,0.022640696475693528,0.061106296457585134,0.041365510207447664,0.03778746792539558,0.027826145121981335,0.021645197083638375,0.045452582439874004
9,RACT,1.0,0.3,100,0.07180890599465498,0.07665783941757777,0.05950495579290778,0.061116434222203406,0.0713452039029479,0.030012566687116965,0.023045458709508304,0.05557294731618843,0.05134957058019567,0.026877368488012622,0.023207909585302965,0.04417929047187216,0.02124371217697929,0.061553328079138714,0.03191620432413742,0.026824357450848293,0.022727078178862353,0.060849200763138656,0.03929158365035658,0.039719805424578765,0.02955387633480454,0.022399331357269764,0.049243071091396744
9,Baseline,0.0,0.3,400,0.0870765094456368,0.09103818536442873,0.0706570613872142,0.08198067126331302,0.06989470245702215,0.03103749105188815,0.025589286810702872,0.04235632927745132,0.04493110287342125,0.022477562989072473,0.017177746842960955,0.057722152455817105,0.029618803343442815,0.05089079734349,0.03362350223935815,0.02654104662368653,0.021730921422766558,0.049268373393193864,0.02937160729204018,0.03046761935260172,0.02623484247986491,0.01833703497797802,0.04197664931264795
9,Baseline (OAF),0.0,0.3,400,0.0,0.0,0.0,0.0,0.12081600594267218,0.0,0.0,0.07487989361617199,0.08451047948690246,0.05282596503588136,0.04544476508041106,0.0,0.0,0.10020868364689378,0.06661742843499689,0.05347958255355941,0.03962394506854904,0.09100013722610543,0.06153476853789672,0.057166547797444366,0.04788982418205677,0.03163276402667347,0.07236920936378503
9,RACT,0.2,0.3,400,0.0745401701160028,0.07404679629565912,0.057255542160394544,0.06907517301340607,0.07258575958134274,0.028886636515883458,0.022906788559167317,0.05089041804828109,0.04695297282580225,0.023489433472483646,0.02093167270379582,0.0424324462948582,0.028692747778585184,0.05998046572286395,0.0294121479720416,0.031368229753240696,0.02451823144052189,0.06449387358971992,0.03748425348092358,0.03860427737277017,0.030098533572700266,0.022652815090630832,0.04870061463892484
9,RACT,0.4,0.3,400,0.07401388920778772,0.07631799373876312,0.057357675316979925,0.06693740159932346,0.07146207713949977,0.03120386789219891,0.024776461226046452,0.05164669682415361,0.04968345830160053,0.025690026938272242,0.02167964609741104,0.04338501676919833,0.027003011050152893,0.06034089842784995,0.029428826172135523,0.027929135231711102,0.02345113476187182,0.06191506727800886,0.039275355184129,0.03660118795238228,0.028201791976919025,0.022048264233913838,0.049651116679690716
9,RACT,0.6,0.3,400,0.07488378309255392,0.07553460334810176,0.0575564227019663,0.065942930470885,0.07195294789067881,0.032379205010054486,0.024605279496567545,0.05258307048511948,0.05062067987634937,0.025194285690259246,0.02242757052651163,0.0431861808702166,0.026570229560197656,0.05936579154336363,0.03042811032334081,0.02848161303085786,0.022389107222432283,0.06021770002494968,0.038621092990075975,0.03801078387488748,0.028191936544436014,0.022324747952912127,0.048531927473282575
9,RACT,0.8,0.3,400,0.0743561008020386,0.07721245244573992,0.0575629665848498,0.06538074772428878,0.07191786393909075,0.032082962165441396,0.02437521431090425,0.0523545798443902,0.05225463206981248,0.02560455670600865,0.021922549211202,0.04424127700361165,0.026151291455183537,0.05792504884006683,0.030761365765676566,0.028230902607292985,0.022041058543152605,0.06058583611493261,0.03990858910542171,0.03745742478428607,0.028486771119514604,0.021834283155096654,0.047351525701997334
9,RACT,1.0,0.3,400,0.07271307062216173,0.07714891249063663,0.06001519597365067,0.06430439987865474,0.07289320994860646,0.0311681342107311,0.024892851151410475,0.050940890685538635,0.053222311289770625,0.025341829278269258,0.021885560900520448,0.04299443640866766,0.024226226870930283,0.06050657320863017,0.03213220917372465,0.027376625421307886,0.023050120009891747,0.060855203605873515,0.03988840240597521,0.03630430695464219,0.02787827257315742,0.022450883650864638,0.047810373286383955
10,Baseline,0.0,0.3,100,0.09036809622230862,0.09204985816929749,0.06853938503347118,0.08276080566554148,0.0708487072377868,0.035313041218344395,0.025219210951387353,0.039118561145589856,0.042677247401857146,0.022960931458347402,0.0170424560563607,0.05873159188115687,0.02904558394347558,0.04950506283188962,0.03507361795343747,0.027531584712792396,0.017606797686954105,0.05069102050589212,0.03008246348380157,0.02938277833908438,0.027822803683729143,0.017951304152868844,0.03967709026462579
10,Baseline (OAF),0.0,0.3,100,0.0,0.0,0.0,0.0,0.1207027211153259,0.0,0.0,0.0728348906328919,0.08270983451278996,0.0579751348177558,0.04567654195305444,0.0,0.0,0.10119517272064646,0.06469587740167033,0.05239012256625319,0.04198430104739528,0.09188598342417215,0.05555064413965373,0.05788050423634954,0.04925270633075159,0.032899406886363794,0.07236615821492592
10,RACT,0.2,0.3,100,0.07284975469632282,0.07791125832812096,0.056985671625143286,0.06899959335176961,0.07463080950741213,0.03255287882227184,0.02518422994878474,0.04869140568018637,0.04650893866133362,0.023043139635042502,0.02098011974724091,0.044622954357437565,0.027919185345025042,0.05990236380638952,0.030127122887744936,0.03161956096884558,0.023911361987426123,0.05981803556185575,0.03500171070432531,0.038808792932330236,0.027454685664417666,0.021416634318713032,0.05105979146186044
10,RACT,0.4,0.3,100,0.07575295224907988,0.07569584088097,0.05750831451394688,0.0676610811895787,0.0719308202008823,0.033448385091364594,0.025263533773969102,0.0521468018927558,0.049372442362891594,0.025414966660515174,0.021533437940100694,0.043566599573984864,0.02720081143955441,0.05906264822292005,0.02890293102909344,0.027539678509451004,0.023492913675078365,0.05936473803577278,0.03727507544507322,0.03998624522535364,0.029064222531655352,0.02167862915212496,0.04713693040388329
10,RACT,0.6,0.3,100,0.07690305792151483,0.07676036246898277,0.06072264839953219,0.06499654272834797,0.07034545079440016,0.03215225510227982,0.027422134231651008,0.051246447722468405,0.05436022533652477,0.025921298507484074,0.021990493989274846,0.04127520326479255,0.026583711721261196,0.06026381900988295,0.0291875305117017,0.027540405675989577,0.02327742771890445,0.05972872569217671,0.03470390177080782,0.0369268266002915,0.028547246605891075,0.02179629702538287,0.04734798720045662
10,RACT,0.8,0.3,100,0.07172210872517866,0.07537434108521099,0.05871247776328786,0.06523576803129094,0.07250376612034563,0.03175651982266385,0.02520119268563062,0.05109986307999935,0.052304798052540735,0.025776219099563454,0.019829950644582525,0.04545908777353853,0.026977972203654586,0.057392985931824424,0.029293816198373804,0.0302729786951572,0.02383030784721113,0.05927948367851693,0.03921644010119001,0.0364903868836463,0.028467266441943473,0.022881572094413972,0.05092069704023522
10,RACT,1.0,0.3,100,0.07494615869859254,0.07791762506825282,0.06291816093549589,0.06578496584224047,0.07325384610614277,0.03257234164758101,0.026252018352697148,0.04997546897824693,0.050719690932114245,0.025199846518898814,0.021904455360938282,0.041982190554020325,0.024669612682146454,0.06151254897163037,0.031278479668953356,0.025751901663951613,0.022832734587587306,0.05574183596790872,0.041687211767230906,0.03619145698548294,0.028788212451208522,0.023056911718512315,0.04506232454016634
10,Baseline,0.0,0.3,400,0.0888468306904691,0.09323513074087345,0.07108013133258918,0.08370786720989475,0.07050748368880108,0.031019294787247458,0.0257356685714513,0.04213411879915374,0.04485184441474837,0.02178047169921792,0.017194940717859857,0.05470359395322724,0.03004600736868642,0.051641730365501036,0.033092914373022406,0.02520720052515861,0.019746502874794535,0.048675387594834606,0.02927242110069635,0.031756137295037574,0.026871403888375563,0.01814382142993421,0.040749096578425195
10,Baseline (OAF),0.0,0.3,400,0.0,0.0,0.0,0.0,0.11927513405213441,0.0,0.0,0.07546420418245826,0.08947243938042759,0.0532054027000615,0.04681789793443687,0.0,0.0,0.10193715551885926,0.06469837730180564,0.05352771529599667,0.040806828581286966,0.08894748004594524,0.05927371830223148,0.05750308182082006,0.04804646522633803,0.030800788236567626,0.07022331142063032
10,RACT,0.2,0.3,400,0.0726619148033348,0.07287190191597938,0.05607929497023785,0.06800661167789086,0.07247854092381838,0.031641793402806304,0.02451102964267244,0.0497685436630219,0.047683337450558076,0.02352661862396319,0.02069492351259829,0.044143137271324163,0.02799306054888495,0.05975164776456057,0.02875409256937611,0.031415879527348485,0.026160897171445274,0.06218676295763932,0.03895892280372771,0.03867009182875538,0.029106511476907453,0.023417436027545837,0.049517049465603404
10,RACT,0.4,0.3,400,0.07458847562970367,0.07640818446830663,0.05731349719848166,0.06780987816545003,0.07108131802175764,0.0339372012976517,0.02544223355287119,0.0503735150172643,0.05025850315824651,0.02477136553761518,0.021401736189432634,0.04568656256544803,0.02683314091635495,0.059005119058941013,0.028834148069483766,0.027730987531702975,0.023269220906057736,0.061189293487473886,0.0388593268926134,0.03798724342167011,0.027879106174166113,0.021524502975392396,0.04781543976391444
10,RACT,0.6,0.3,400,0.07320481499365736,0.07526442255972227,0.05820187825380294,0.06475111161541858,0.07109749491321245,0.03250181631337546,0.026473846516738914,0.05115855807373148,0.051823435666629815,0.025429031719403784,0.021507306432082346,0.04408365580213136,0.026696016668198996,0.059040314651895145,0.02948919633127907,0.02791329958831796,0.02278792519017485,0.06145038327163872,0.0392590301401493,0.038190412239120834,0.029290098447465867,0.021803858449859184,0.048582092161993294
10,RACT,0.8,0.3,400,0.07369167935171093,0.07571160954852373,0.05896398128105261,0.066264432865259,0.07032537133945936,0.033546675894733535,0.026322872706234363,0.051477697592000174,0.05175230700303002,0.025773060722823007,0.021865127508647053,0.04267041840889375,0.026491335186165442,0.05908646765576726,0.029955324372856175,0.027488484812971222,0.022756771146125187,0.06063462684951256,0.039500243537028946,0.0372004851625413,0.028984410781512905,0.0213203690098985,0.04821624726325277
10,RACT,1.0,0.3,400,0.073309752668714,0.07791021264777759,0.06027914112342888,0.06380648759517539,0.07206765794666477,0.03216141166161466,0.024700230082147348,0.05163226528040478,0.05137710645489998,0.026889314547571867,0.02231362332350489,0.04361236099796234,0.02409638267737598,0.05864095661816432,0.03009535159003664,0.027453125788173955,0.02310704513124498,0.061265231913787736,0.03902430257941609,0.037122798043943646,0.028467366587407627,0.021952054934703768,0.048715819805878385
