Fold,Method,Alpha,Budget,Accuracy,AUC,F1,Time [s],Cost,Validity,Budget-Validity,Valid-Cost,Recourse,Sparsity,Plausibility
1,Baseline,0.0,0.1,0.6864501679731243,0.742397137745975,0.7935103244837759,23.981831073760986,0.2871696203503463,0.3751568381430364,0.010037641154328732,0.7654655097632977,0.11646136618141101,1.9431438127090301,0.5043781841212684
1,Baseline (OAF),0.0,0.1,0.6371780515117581,0.5571165361584524,0.7658959537572255,3.0859389305114746,0.6068701871573599,1.0,0.06787878787878789,0.6068701871573599,0.13885778275475924,1.623030303030303,0.5174335207106858
1,RACT,0.02,0.1,0.6864501679731243,0.7265004873972984,0.7932053175775479,21.88614511489868,0.3675810423032409,0.5094339622641509,0.018867924528301886,0.721547971928584,0.12653975363941772,1.7506172839506173,0.5063534363856985
1,RACT,0.04,0.1,0.7054871220604704,0.7270869709596907,0.80180859080633,25.441715240478516,0.5292595806387662,0.7734375,0.026041666666666668,0.6842952153713342,0.16237402015677493,1.6632996632996633,0.5133963411882346
1,RACT,0.06,0.1,0.7010078387458006,0.7407421293370325,0.7972665148063781,24.17295789718628,0.6349853582236439,0.978891820580475,0.048812664907651716,0.6486777648699757,0.19260918253079506,1.4528301886792452,0.5193178343706519
1,RACT,0.08,0.1,0.7032474804031354,0.7460633295127099,0.7969348659003832,28.522698163986206,0.49027216657003836,0.9021447721179625,0.058981233243967826,0.5434517626467291,0.21388577827547595,1.2674591381872213,0.5102250795906071
1,RACT,0.1,0.1,0.7043673012318029,0.7389612545927822,0.7969230769230768,27.2645001411438,0.537726522350653,0.9770580296896086,0.059379217273954114,0.550352697599218,0.21948488241881303,1.281767955801105,0.5125770859117379
1,Baseline,0.0,0.2,0.6842105263157895,0.7409536919006352,0.7923416789396169,23.96451425552368,0.3077868273784133,0.40801001251564456,0.03504380475594493,0.7543609664888105,0.13661814109742443,1.9233128834355828,0.5046138527988296
1,Baseline (OAF),0.0,0.2,0.6506159014557671,0.5682677578653069,0.7739130434782608,2.9795210361480713,0.5178460204495993,1.0,0.17661388550548113,0.5178460204495993,0.24300111982082861,1.3605359317904995,0.5112828110145556
1,RACT,0.02,0.2,0.6920492721164614,0.7249284972095166,0.7970479704797048,23.364903926849365,0.2814505652953154,0.5364321608040201,0.1092964824120603,0.5246713114170283,0.20604703247480405,1.351288056206089,0.5028063723702587
1,RACT,0.04,0.2,0.6942889137737962,0.7284634666266752,0.7955056179775282,25.59363603591919,0.35835372706996427,0.7989690721649485,0.20876288659793815,0.44852014871982626,0.31243001119820824,1.196774193548387,0.5070864874337979
1,RACT,0.06,0.2,0.6987681970884658,0.7327107859415338,0.7969811320754717,26.095571279525757,0.4465608306944191,0.9321148825065274,0.2245430809399478,0.4790834682239847,0.3348264277715566,1.3011204481792717,0.5108144932080012
1,RACT,0.08,0.2,0.7021276595744681,0.7294248711878568,0.7975646879756468,25.74984097480774,0.422916929570333,0.9735099337748344,0.27019867549668874,0.43442487323211076,0.3829787234042553,1.2285714285714286,0.509202957195498
1,RACT,0.1,0.2,0.7088465845464725,0.735391471082879,0.8009188361408883,27.311023235321045,0.4281418026463987,0.9718875502008032,0.2543507362784471,0.44052606966509616,0.3762597984322509,1.1790633608815426,0.5111420124992428
1,Baseline,0.0,0.4,0.6920492721164614,0.7341194176941288,0.7958426132145509,27.764113187789917,0.2700185381465777,0.37817258883248733,0.0799492385786802,0.7140087518775277,0.18812989921612544,1.7348993288590604,0.4994750321545917
1,Baseline (OAF),0.0,0.4,0.6338185890257558,0.5617816245862479,0.7638989169675091,3.781275749206543,0.6085006983032195,1.0,0.2457627118644068,0.6085006983032195,0.3023516237402015,1.6840193704600483,0.5119769961895049
1,RACT,0.02,0.4,0.6842105263157895,0.7218996711407238,0.7926470588235295,21.025405168533325,0.513465800815161,0.9213483146067416,0.383270911360799,0.5572982472262114,0.44680851063829785,1.3523035230352303,0.515615684694901
1,RACT,0.04,0.4,0.6931690929451287,0.7240688569194349,0.7958271236959762,22.04105305671692,0.4699841015713727,1.0,0.5146871008939975,0.4699841015713727,0.574468085106383,1.1507024265644956,0.5125786322501855
1,RACT,0.06,0.4,0.6898096304591266,0.7279091191498934,0.7946627131208301,21.844432830810547,0.45966806080440165,0.9987341772151899,0.5367088607594936,0.46025065657221453,0.5901455767077268,1.2332065906210392,0.5150778818847963
1,RACT,0.08,0.4,0.6931690929451287,0.7278475249858066,0.7970370370370369,19.843647956848145,0.4607620903369582,1.0,0.5309734513274337,0.4607620903369582,0.5845464725643896,1.1188369152970923,0.5119343865970898
1,RACT,0.1,0.4,0.6875699888017918,0.7223361863036004,0.7913238593866865,21.04485511779785,0.4503674428266764,1.0,0.5552699228791774,0.4503674428266764,0.612541993281075,1.1118251928020566,0.5122166947825919
1,Baseline,0.0,0.5,0.6875699888017918,0.7300649148929332,0.7943994104642593,22.9735209941864,0.3378495153467113,0.4473684210526316,0.07644110275689223,0.7551930343044134,0.17469204927211646,2.0140056022408963,0.5064997979603167
1,Baseline (OAF),0.0,0.5,0.6416573348264277,0.5622529538418689,0.7677793904208998,2.914324998855591,0.5776695963752105,1.0,0.29181929181929184,0.5776695963752105,0.3505039193729004,1.6752136752136753,0.5109494510899526
1,RACT,0.02,0.5,0.6942889137737962,0.7239403125769927,0.797327394209354,21.574813842773438,0.5246917356643077,0.8769035532994924,0.2753807106598985,0.5983460024652307,0.3605823068309071,1.6975397973950797,0.5148128192402481
1,RACT,0.04,0.5,0.683090705487122,0.7220362495045687,0.7929773226042429,21.783298015594482,0.40357841429988695,0.9962871287128713,0.6051980198019802,0.405082433235166,0.6427771556550952,1.4161490683229814,0.5164656780672657
1,RACT,0.06,0.5,0.6864501679731243,0.727065546902617,0.7922848664688428,22.19033408164978,0.42547914815519117,0.9974651457541192,0.5221799746514575,0.4265604166384318,0.5778275475923852,1.5209656925031767,0.5169009254169835
1,RACT,0.08,0.5,0.6998880179171333,0.7232761668077083,0.8017751479289941,20.988229990005493,0.46900227300630526,0.9949558638083228,0.41992433795712486,0.4713799778124209,0.4848824188129899,1.5627376425855513,0.5183837984213966
1,RACT,0.1,0.5,0.7066069428891377,0.7366501344359582,0.8038922155688623,24.34624195098877,0.4746781652927971,0.9948519948519948,0.39510939510939513,0.4771344559282062,0.4736842105263158,1.6002587322121604,0.5176063281617092
2,Baseline,0.0,0.1,0.7043673012318029,0.7637698603755416,0.8053097345132744,23.482428789138794,0.28125863198181095,0.37092731829573933,0.0037593984962406013,0.758258068653666,0.10974244120940646,2.0067567567567566,0.50584194369837
2,Baseline (OAF),0.0,0.1,0.658454647256439,0.6128497298453967,0.783226723525231,2.8593568801879883,0.6260513134153638,1.0,0.027090694935217905,0.6260513134153638,0.0750279955207167,1.674911660777385,0.5170425056087034
2,RACT,0.02,0.1,0.70996640537514,0.7636120472904295,0.8085735402808574,24.10071325302124,0.40879834849250035,0.5522012578616352,0.012578616352201259,0.7403068042176258,0.12094064949608063,1.817767653758542,0.5082481010095592
2,RACT,0.04,0.1,0.7122060470324748,0.7520034237415075,0.808921933085502,25.708346843719482,0.5029438681819033,0.6810673443456162,0.020330368487928845,0.7384642243641005,0.13661814109742443,1.8712686567164178,0.5152730464708642
2,RACT,0.06,0.1,0.7178051511758119,0.7580163697640828,0.8116591928251121,25.076300144195557,0.5707299553306396,0.8448717948717949,0.03205128205128205,0.6755225571440044,0.15453527435610304,1.6236722306525038,0.5178434180666074
2,RACT,0.08,0.1,0.7200447928331467,0.7679264965495105,0.8108925869894099,25.986310243606567,0.5314579220068917,0.8952879581151832,0.058900523560209424,0.5936167432942474,0.19484882418812988,1.456140350877193,0.5152339301890104
2,RACT,0.1,0.1,0.723404255319149,0.7607714117584123,0.8113063407181055,29.439730882644653,0.434942040817268,0.7896138482023968,0.045272969374167776,0.550828790309896,0.1970884658454647,1.372681281618887,0.5078912844778483
2,Baseline,0.0,0.2,0.7066069428891377,0.7622345262932648,0.8064992614475628,26.60679316520691,0.322845348859575,0.4120603015075377,0.02135678391959799,0.7834905417445783,0.12765957446808507,1.9268292682926829,0.5109177268304869
2,Baseline (OAF),0.0,0.2,0.658454647256439,0.602198683999358,0.7835344215755855,3.2166011333465576,0.6214791269535559,1.0,0.08343125734430082,0.6214791269535559,0.12653975363941772,1.6592244418331374,0.5163031181336927
2,RACT,0.02,0.2,0.7133258678611423,0.7583560691167817,0.8103703703703703,25.298949241638184,0.39509555990349376,0.6856060606060606,0.12247474747474747,0.576271976875814,0.22172452407614784,1.4861878453038675,0.5099539992399077
2,RACT,0.04,0.2,0.7043673012318029,0.7558337345530413,0.8044444444444444,24.60234498977661,0.27872688740881457,0.6035353535353535,0.16414141414141414,0.4618236293468225,0.2586786114221724,1.2489539748953975,0.504291190036962
2,RACT,0.06,0.2,0.7155655095184771,0.7541967581447601,0.8098802395209581,24.595721006393433,0.47168250563284786,0.9717223650385605,0.2326478149100257,0.48540871611422703,0.3314669652855543,1.3346560846560847,0.5134763723887913
2,RACT,0.08,0.2,0.7155655095184771,0.7652784464772909,0.8095952023988007,25.732807874679565,0.41966092141021105,0.961340206185567,0.28350515463917525,0.4365373659709434,0.37737961926091823,1.1648793565683646,0.5138486249171954
2,RACT,0.1,0.2,0.7222844344904815,0.7715775958915101,0.812121212121212,26.65002179145813,0.45150723442641344,0.9829396325459318,0.2637795275590551,0.4593438085886876,0.37178051511758115,1.240320427236315,0.5117437095277345
2,Baseline,0.0,0.4,0.7088465845464725,0.7598512812282673,0.8079763663220088,24.438652992248535,0.2354159437830087,0.3065326633165829,0.04271356783919598,0.7679962756199791,0.14669652855543114,1.8114754098360655,0.503418376691857
2,Baseline (OAF),0.0,0.4,0.658454647256439,0.602452789814369,0.7835344215755855,3.154045820236206,0.6238453710647553,1.0,0.26439482961222094,0.6238453710647553,0.29899216125419936,1.701527614571093,0.5173053485990516
2,RACT,0.02,0.4,0.7021276595744681,0.7542208313272348,0.8052708638360176,18.694478034973145,0.5547538081432055,0.9047029702970297,0.30445544554455445,0.6131888877971409,0.3706606942889138,1.4692202462380302,0.5195941981275248
2,RACT,0.04,0.4,0.7077267637178052,0.7489595035574814,0.8090709583028529,21.189711809158325,0.5046383851640784,0.9987639060568603,0.45488257107540175,0.5052629376209647,0.5061590145576708,1.181930693069307,0.5184226084726962
2,RACT,0.06,0.4,0.7110862262038073,0.7583801422992564,0.8102941176470589,20.74176788330078,0.48498578185441565,0.9962593516209476,0.4937655860349127,0.48680675475249235,0.5453527435610303,1.2352941176470589,0.5175643302056584
2,RACT,0.08,0.4,0.7066069428891377,0.7571764831755201,0.8067846607669616,21.059385776519775,0.500743023637757,0.9987468671679198,0.4699248120300752,0.5013713084854832,0.5263157894736843,1.2158092848180677,0.5169751950952334
2,RACT,0.1,0.4,0.7066069428891377,0.7580217193601884,0.8070692194403535,21.32849383354187,0.4769213243707436,0.9975,0.5075,0.4781166159105198,0.5587905935050392,1.1303258145363408,0.5170251643099928
2,Baseline,0.0,0.5,0.70996640537514,0.7590729149949179,0.8088560885608855,24.41608214378357,0.31101414268883076,0.41530740276035133,0.06900878293601004,0.7488769538459157,0.16909294512877937,1.8006042296072509,0.5058832433927466
2,Baseline (OAF),0.0,0.5,0.6595744680851063,0.6020274969239822,0.7840909090909091,3.898761034011841,0.5867300072776194,1.0,0.32823529411764707,0.5867300072776194,0.3605823068309071,1.6388235294117648,0.5122139954972228
2,RACT,0.02,0.5,0.7144456886898096,0.7617182902690847,0.8123620309050773,22.167696952819824,0.5197328841163863,0.9925093632958801,0.4107365792759051,0.5236553964493402,0.471444568868981,1.5144654088050316,0.5181335792732739
2,RACT,0.04,0.5,0.7110862262038073,0.7582945487615685,0.8097345132743363,21.43876886367798,0.45931444508397845,0.9987468671679198,0.45363408521303256,0.45989074928107254,0.5117581187010078,1.5269761606022585,0.520237581937048
2,RACT,0.06,0.5,0.7032474804031354,0.7656823409832558,0.8050036791758646,25.075700283050537,0.4039012868262043,0.9975031210986267,0.5730337078651685,0.4049123038145051,0.6170212765957447,1.406758448060075,0.5195108703833582
2,RACT,0.08,0.5,0.7122060470324748,0.7641737548815064,0.8100517368810052,23.827621936798096,0.4946219346922675,1.0,0.379874213836478,0.4946219346922675,0.4479283314669653,1.5937106918238995,0.5208678873651383
2,RACT,0.1,0.5,0.7200447928331467,0.7656074466377789,0.814540059347181,25.09034013748169,0.5237633433126929,0.9658227848101266,0.3227848101265823,0.542297563849315,0.4008958566629339,1.6841415465268676,0.516857687342184
3,Baseline,0.0,0.1,0.6976483762597985,0.7781977210720591,0.8008849557522124,22.458293914794922,0.31663457299702685,0.39473684210526316,0.006265664160401002,0.8021409182591347,0.11198208286674127,2.1809523809523808,0.5090509616909996
3,Baseline (OAF),0.0,0.1,0.6405375139977604,0.6032793024126678,0.772823779193206,2.8909220695495605,0.6275985015951822,1.0,0.03508771929824561,0.6275985015951822,0.07614781634938406,1.8385964912280701,0.523066246099034
3,RACT,0.02,0.1,0.6987681970884658,0.7709704167335367,0.8002969561989607,23.56326723098755,0.37812769462386703,0.5069708491761724,0.020278833967046894,0.7458568776455777,0.13437849944008962,1.7975,0.511050672817398
3,RACT,0.04,0.1,0.7054871220604704,0.7632616487455197,0.8024042073628851,23.53231382369995,0.612408654771547,0.8809831824062095,0.029754204398447608,0.6951422762678501,0.16013437849944012,1.6431718061674008,0.5238813242641519
3,RACT,0.06,0.1,0.7133258678611423,0.7712566201251806,0.8063540090771558,23.288292169570923,0.5333321344654016,0.8507853403141361,0.041884816753926704,0.626870385740872,0.18029115341545354,1.4630769230769232,0.5172317934853244
3,RACT,0.08,0.1,0.7278835386338186,0.7747338575937517,0.8132205995388163,27.66766905784607,0.5497533603456656,0.9932705248990579,0.06594885598923284,0.55347797660817,0.2228443449048152,1.3048780487804879,0.520275459354105
3,RACT,0.1,0.1,0.7222844344904815,0.7768576472476327,0.8077519379844961,26.99903678894043,0.4834667982552336,0.994535519125683,0.07240437158469945,0.48612320923465796,0.23964165733482645,1.1414835164835164,0.5176155639535798
3,Baseline,0.0,0.2,0.6954087346024636,0.769962017867651,0.7988165680473372,25.016226053237915,0.34061047218301355,0.4269521410579345,0.0163727959697733,0.7977720203932529,0.12541993281075026,2.0353982300884956,0.5127106112403504
3,Baseline (OAF),0.0,0.2,0.6472564389697648,0.5991975605841758,0.7741935483870968,3.1342358589172363,0.5642379090281092,1.0,0.07885304659498207,0.5642379090281092,0.13661814109742443,1.5937873357228196,0.5113607170738834
3,RACT,0.02,0.2,0.7021276595744681,0.7644893810517306,0.8023774145616642,22.54965901374817,0.2769140954499107,0.4720812182741117,0.07868020304568528,0.5865814710068,0.18701007838745798,1.5994623655913978,0.5076330793588392
3,RACT,0.04,0.2,0.7054871220604704,0.7703525383833522,0.8027006751687922,25.335642099380493,0.36066129977365696,0.8296774193548387,0.23096774193548386,0.4347006334752477,0.33258678611422177,1.1632970451010887,0.5096852923004357
3,RACT,0.06,0.2,0.7144456886898096,0.7678917241748248,0.8075471698113207,26.93662428855896,0.42671949863295544,0.9830508474576272,0.2711864406779661,0.4340767313680064,0.37402015677491607,1.2281167108753315,0.5121705785577699
3,RACT,0.08,0.2,0.7189249720044792,0.7583801422992564,0.8097043214556482,26.349704265594482,0.40226241688170505,0.9960578186596584,0.28252299605781866,0.4038544844946933,0.3885778275475924,1.133245382585752,0.5122913778318443
3,RACT,0.1,0.2,0.7222844344904815,0.7710560102712245,0.8124054462934948,28.052090883255005,0.3923265921777012,0.9960732984293194,0.3010471204188482,0.39387321474870385,0.4020156774916014,1.1458607095926412,0.5137507892426009
3,Baseline,0.0,0.4,0.6987681970884658,0.7766570373936768,0.8008882309400445,20.324280977249146,0.34778598127974997,0.4426229508196721,0.05548549810844893,0.7857386984468426,0.16125419932810747,2.1794871794871793,0.5104521435164611
3,Baseline (OAF),0.0,0.4,0.6506159014557671,0.6024768629968437,0.7774607703281027,3.5281500816345215,0.6199485489689127,1.0,0.254739336492891,0.6199485489689127,0.2956326987681971,1.735781990521327,0.521269893257622
3,RACT,0.02,0.4,0.6987681970884658,0.7715134007382443,0.8008882309400445,21.81825304031372,0.5641512142660174,0.9621689785624212,0.35813366960907944,0.586332782323659,0.4300111982082867,1.3040629095674967,0.5218790005168819
3,RACT,0.04,0.4,0.6942889137737962,0.7752233456374044,0.7997065297138664,19.366358041763306,0.516111862813039,1.0,0.45590062111801244,0.516111862813039,0.509518477043673,1.2956521739130435,0.5241982001456107
3,RACT,0.06,0.4,0.7021276595744681,0.7782645910233776,0.8023774145616642,23.136117935180664,0.551607786529766,0.9961928934010152,0.383248730964467,0.5537158417649115,0.4557670772676372,1.370700636942675,0.5243481801036707
3,RACT,0.08,0.4,0.70996640537514,0.7639089498742844,0.8074349442379182,21.872636079788208,0.5424479106465884,1.0,0.3189326556543837,0.5424479106465884,0.39977603583426646,1.5260482846251588,0.5236974913148104
3,RACT,0.1,0.4,0.7245240761478163,0.774308564703365,0.8122137404580153,26.070664882659912,0.5434045366832138,0.9960106382978723,0.2765957446808511,0.5455810568568447,0.3908174692049272,1.5874499332443257,0.5229799387159234
3,Baseline,0.0,0.5,0.6998880179171333,0.7772749157438613,0.8017751479289941,24.128066778182983,0.40106618691254914,0.5062972292191436,0.06926952141057935,0.7921556030063782,0.17245240761478164,2.1517412935323383,0.518898509645359
3,Baseline (OAF),0.0,0.5,0.64501679731243,0.6023538222864173,0.7743772241992882,2.9449329376220703,0.6336029691381564,1.0,0.27508854781582054,0.6336029691381564,0.31243001119820824,1.7001180637544273,0.5189239495420415
3,RACT,0.02,0.5,0.6987681970884658,0.7662788209490183,0.8,23.168992042541504,0.490216487345873,0.9911054637865311,0.48792884371029227,0.49461586607846403,0.5487122060470324,1.3846153846153846,0.5172517064553495
3,RACT,0.04,0.5,0.6998880179171333,0.7689081474348687,0.803230543318649,29.941190004348755,0.31820475157914907,0.996268656716418,0.8296019900497512,0.31939652967495114,0.8465845464725644,1.1385767790262171,0.5172466281427635
3,RACT,0.06,0.5,0.7021276595744681,0.7757395816615845,0.8032544378698225,20.03175687789917,0.3648379652148936,1.0,0.6889168765743073,0.3648379652148936,0.7234042553191489,1.2279596977329974,0.5169069566093567
3,RACT,0.08,0.5,0.70996640537514,0.7772882897341251,0.8071481757259865,23.239178895950317,0.48133990727893106,0.9707006369426752,0.41146496815286626,0.49586853965086725,0.48264277715565507,1.5866141732283465,0.5203290361767655
3,RACT,0.1,0.5,0.7200447928331467,0.7725057508158134,0.8125937031484257,26.93082308769226,0.4908996339449187,0.9471649484536082,0.33762886597938147,0.5182831509404857,0.4244120940649496,1.6435374149659865,0.5181854178329833
4,Baseline,0.0,0.1,0.6984304932735426,0.7416189127122099,0.8014760147601476,24.71871018409729,0.3585269056124486,0.5018820577164367,0.011292346298619825,0.7143648594328039,0.11659192825112108,1.7525,0.5031814579454409
4,Baseline (OAF),0.0,0.1,0.6401345291479821,0.5782950228575107,0.7665454545454545,3.5022010803222656,0.5259716341234499,1.0,0.05997552019583843,0.5259716341234499,0.13901345291479816,1.580171358629131,0.5125939192568734
4,RACT,0.02,0.1,0.6928251121076233,0.7388475736698645,0.7976366322008864,20.931806087493896,0.37597022577211364,0.5540201005025126,0.01507537688442211,0.6786219948176927,0.12107623318385652,1.653061224489796,0.5054425781545004
4,RACT,0.04,0.1,0.7073991031390134,0.7376215311312858,0.8044943820224719,23.454933881759644,0.5623452327141004,0.8970398970398971,0.036036036036036036,0.6268898792236097,0.16031390134529144,1.5251076040172167,0.517971595378163
4,RACT,0.06,0.1,0.7130044843049327,0.746308458352113,0.8072289156626506,24.330177068710327,0.5617433272591604,0.9051948051948052,0.03896103896103896,0.6205772768860166,0.17040358744394624,1.5035868005738882,0.5165311513485499
4,RACT,0.08,0.1,0.7208520179372198,0.7430408001201898,0.8091954022988507,25.20116901397705,0.504689268031045,0.9732262382864793,0.06961178045515395,0.5185734294624355,0.22085201793721976,1.2709766162310867,0.5132318946383703
4,RACT,0.1,0.1,0.718609865470852,0.7428100787671967,0.805877803557618,24.292092084884644,0.5088999878586554,0.9850340136054422,0.0707482993197279,0.5166318937515355,0.23430493273542596,1.2569060773480663,0.5148023190554137
4,Baseline,0.0,0.2,0.695067264573991,0.7435398021161976,0.7994100294985251,24.65588688850403,0.38427545908079697,0.5300751879699248,0.047619047619047616,0.724945192308454,0.14798206278026904,1.7257683215130024,0.5075617683468187
4,Baseline (OAF),0.0,0.2,0.6401345291479821,0.5675262378468869,0.7665454545454545,3.0247790813446045,0.5126384574169678,1.0,0.15422276621787026,0.5126384574169678,0.2253363228699552,1.5899632802937576,0.5127237993991527
4,RACT,0.02,0.2,0.7073991031390134,0.7407309037838301,0.8062360801781737,23.955743074417114,0.3578234882293602,0.6692015209125475,0.13434727503168567,0.5347021443427371,0.23430493273542596,1.4943181818181819,0.5066931507005242
4,RACT,0.04,0.2,0.7174887892376681,0.7430837250230721,0.8099547511312217,24.43312096595764,0.4110446892344713,0.8828125,0.23307291666666666,0.4656081435576313,0.33968609865470856,1.289085545722714,0.5119655018637098
4,RACT,0.06,0.2,0.7130044843049327,0.7483151975618655,0.8072289156626506,24.699934244155884,0.4343103699984263,0.974025974025974,0.24675324675324675,0.445891979865051,0.34977578475336324,1.136,0.5112973983481387
4,RACT,0.08,0.2,0.7174887892376681,0.7545366256733844,0.8073394495412843,27.73388695716858,0.3782809654874824,0.9986666666666667,0.31333333333333335,0.37878601350548974,0.42264573991031396,1.1415220293724966,0.5128879417173395
4,RACT,0.1,0.2,0.7163677130044843,0.7488061511385831,0.8076045627376426,26.53010106086731,0.41528675576618684,0.9498018494055482,0.26023778071334214,0.4372351517593928,0.3721973094170403,1.157162726008345,0.5095434895040938
4,Baseline,0.0,0.4,0.7040358744394619,0.7456511707767262,0.8047337278106509,25.855903148651123,0.3450197161844788,0.4672544080604534,0.08942065491183879,0.7383979909716337,0.1894618834080718,1.7628032345013478,0.5044996960301448
4,Baseline (OAF),0.0,0.4,0.6378923766816144,0.5750327302384479,0.7657722987672227,3.753934144973755,0.47321675944739977,1.0,0.46772228989037756,0.47321675944739977,0.5100896860986547,1.540803897685749,0.5096789596225219
4,RACT,0.02,0.4,0.6838565022421524,0.7354404095035735,0.7941605839416058,20.783267736434937,0.5187869828702888,0.8830049261083743,0.3472906403940887,0.5875244492199088,0.405829596412556,1.502092050209205,0.5190966611578015
4,RACT,0.04,0.4,0.6928251121076233,0.7315396089541348,0.7973372781065089,20.997049808502197,0.4971891470215382,0.9874055415617129,0.4899244332493703,0.5035308453253844,0.5459641255605381,1.2614795918367347,0.5186382798874385
4,RACT,0.06,0.4,0.7017937219730942,0.738198334513768,0.8014925373134328,20.516484022140503,0.4522878755910584,1.0,0.5549872122762148,0.4522878755910584,0.6098654708520179,1.1381074168797953,0.5170698271699776
4,RACT,0.08,0.4,0.6928251121076233,0.733326358036615,0.7961309523809524,19.757513999938965,0.4319477519978247,1.0,0.5852417302798982,0.4319477519978247,0.6345291479820627,1.2251908396946565,0.5181510227801
4,RACT,0.1,0.4,0.7040358744394619,0.7439100294035584,0.8026905829596412,24.326376914978027,0.4527255773156417,1.0,0.5628205128205128,0.4527255773156417,0.6177130044843049,1.0602564102564103,0.5186771135649152
4,Baseline,0.0,0.5,0.702914798206278,0.7449294958470156,0.8041389504804138,23.464736938476562,0.38088073518687904,0.4981132075471698,0.08679245283018867,0.7646469304888102,0.18609865470852016,2.148989898989899,0.5101235146729581
4,Baseline (OAF),0.0,0.5,0.6401345291479821,0.5681110896486595,0.7665454545454545,3.1287662982940674,0.5107388412489721,1.0,0.40758873929008566,0.5107388412489721,0.45739910313901344,1.4222766217870257,0.5079444950834995
4,RACT,0.02,0.5,0.695067264573991,0.7301740604811882,0.7985185185185185,23.14587712287903,0.4857205099131006,0.9381313131313131,0.4166666666666667,0.5177532218723765,0.48206278026905824,1.4804845222072678,0.5163994462132961
4,RACT,0.04,0.5,0.6939461883408071,0.7371037494902668,0.7988209285187914,22.33186674118042,0.38560142217443694,1.0,0.6545682102628285,0.38560142217443694,0.6905829596412556,1.2891113892365458,0.5172702941669259
4,RACT,0.06,0.5,0.7107623318385651,0.7440951430472389,0.8077496274217586,23.37110686302185,0.4206849110229631,1.0,0.5395408163265306,0.4206849110229631,0.5952914798206278,1.468112244897959,0.5180100044400672
4,RACT,0.08,0.5,0.7118834080717489,0.749039555298006,0.8074906367041198,23.032923936843872,0.49184994828818474,0.9974259974259975,0.39253539253539255,0.49311923847731554,0.47085201793721976,1.5612903225806452,0.519582800377481
4,RACT,0.1,0.5,0.718609865470852,0.7525889082050952,0.8105660377358491,25.077818870544434,0.45624883144289546,1.0,0.42894393741851367,0.45624883144289546,0.5089686098654709,1.560625814863103,0.5202867052189207
5,Baseline,0.0,0.1,0.7107623318385651,0.7527015860751616,0.8077496274217586,24.194581985473633,0.2951493781674649,0.3762755102040816,0.00510204081632653,0.784396991468788,0.12556053811659196,2.1796610169491526,0.5107681525242382
5,Baseline (OAF),0.0,0.1,0.6603139013452914,0.5963181164552616,0.7786705624543463,3.2399299144744873,0.5124786893936265,1.0,0.05425400739827373,0.5124786893936265,0.14013452914798208,1.4204685573366214,0.5118820570542416
5,RACT,0.02,0.1,0.7073991031390134,0.7402050737235206,0.8056589724497394,22.536241054534912,0.358514443940027,0.48280254777070064,0.01019108280254777,0.7425694947042778,0.12892376681614348,1.8654353562005277,0.5126968837224501
5,RACT,0.04,0.1,0.7174887892376681,0.735290172343485,0.8110944527736131,24.62556219100952,0.5142907669381833,0.7641752577319587,0.023195876288659795,0.6730010710691909,0.15022421524663676,1.6947723440134908,0.518974396776283
5,RACT,0.06,0.1,0.7298206278026906,0.7413908741656472,0.8153256704980844,25.014190196990967,0.6025597830049292,0.9344042838018741,0.040160642570281124,0.6448598250783412,0.19618834080717484,1.5644699140401146,0.5208144097740897
5,RACT,0.08,0.1,0.7298206278026906,0.7412325885862683,0.8144726712856043,25.57233190536499,0.4657783173810108,0.8690958164642375,0.059379217273954114,0.5359343682908836,0.21860986547085204,1.2857142857142858,0.514006579355573
5,RACT,0.1,0.1,0.7219730941704036,0.7360842830468097,0.8068535825545171,26.42583394050598,0.47613425008390686,0.9517906336088154,0.05785123966942149,0.500251035544018,0.23318385650224216,1.1866859623733719,0.5182120768389098
5,Baseline,0.0,0.2,0.7051569506726457,0.7479315562423541,0.805040770941438,24.69780206680298,0.3156262966437094,0.4108723135271808,0.022756005056890013,0.7681858481389974,0.13340807174887892,2.116923076923077,0.5128172136773697
5,Baseline (OAF),0.0,0.2,0.6547085201793722,0.5932355718670187,0.7745241581259151,3.243734121322632,0.5007669478431072,1.0,0.16212871287128713,0.5007669478431072,0.24103139013452912,1.5012376237623761,0.5165073341546501
5,RACT,0.02,0.2,0.7163677130044843,0.7417664670658682,0.8099173553719008,23.860666036605835,0.3926399180109755,0.6869340232858991,0.10996119016817593,0.5715831574811377,0.22869955156950672,1.5065913370998116,0.5164500971298074
5,RACT,0.04,0.2,0.7152466367713004,0.7480335028866998,0.8095952023988007,24.25438690185547,0.4696602705871819,0.9755154639175257,0.21005154639175258,0.481448309082765,0.3127802690582959,1.2113606340819023,0.5208664238239041
5,RACT,0.06,0.2,0.7230941704035875,0.7434941944068851,0.8135849056603773,25.492457151412964,0.4194378928976731,0.9947848761408083,0.25554106910039115,0.4216367809338339,0.3598654708520179,1.0956749672346002,0.5229807212285371
5,RACT,0.08,0.2,0.7242152466367713,0.7474942587942395,0.8122137404580153,29.114434242248535,0.4205866864115544,0.9906914893617021,0.2632978723404255,0.42453850762615963,0.3789237668161435,1.1194630872483222,0.5228098286138243
5,RACT,0.1,0.2,0.7298206278026906,0.7396094906960273,0.8156082631981637,27.09171485900879,0.45102200984112595,0.9425901201602136,0.2136181575433912,0.4784921889107695,0.33968609865470856,1.2946175637393769,0.5208767717786101
5,Baseline,0.0,0.4,0.7096412556053812,0.749055652136587,0.8074349442379182,25.374057054519653,0.28570116226655606,0.36721728081321475,0.062261753494282084,0.7780166598746698,0.17264573991031396,1.8650519031141868,0.5090339377541166
5,Baseline (OAF),0.0,0.4,0.655829596412556,0.5888491833537227,0.7773749093546048,2.781010150909424,0.5124295554625695,1.0,0.41291108404384896,0.5124295554625695,0.45964125560538116,1.4141291108404386,0.5130483957844373
5,RACT,0.02,0.4,0.7085201793721974,0.7337609726782993,0.8071216617210681,21.94731092453003,0.5648333112816495,0.8620253164556962,0.28354430379746837,0.6552398177863482,0.36547085201793716,1.6093979441997064,0.5231961150748138
5,RACT,0.04,0.4,0.7130044843049327,0.7308152512179942,0.8100890207715133,23.20864987373352,0.4879702079758668,0.9987341772151899,0.5088607594936709,0.48858867465264233,0.5650224215246638,1.164765525982256,0.5202853446104079
5,RACT,0.06,0.4,0.7085201793721974,0.7350138432811796,0.8062593144560357,20.147356033325195,0.44524004652068766,0.9974489795918368,0.5535714285714286,0.4463787678672879,0.6076233183856502,1.1202046035805626,0.5210409476052479
5,RACT,0.08,0.4,0.6995515695067265,0.7341982701264138,0.8026509572901325,19.971798181533813,0.4324709965500915,1.0,0.58375,0.4324709965500915,0.6266816143497758,1.2475,0.5226194009226788
5,RACT,0.1,0.4,0.7197309417040358,0.7443473268516729,0.81203007518797,23.251242876052856,0.43306596669945924,0.9987046632124352,0.5790155440414507,0.4336276605602886,0.6356502242152466,1.1634241245136188,0.5205728502747563
5,Baseline,0.0,0.5,0.7040358744394619,0.7470059880239521,0.8041543026706232,23.36678981781006,0.26727364845902746,0.3468354430379747,0.060759493670886074,0.7706065046811376,0.16816143497757852,2.04014598540146,0.5092471666375197
5,Baseline (OAF),0.0,0.5,0.6547085201793722,0.5935199493486146,0.7745241581259151,3.9997639656066895,0.5145544143799302,1.0,0.40965346534653463,0.5145544143799302,0.4652466367713004,1.3143564356435644,0.514331036929674
5,RACT,0.02,0.5,0.7141255605381166,0.7371439915867191,0.8098434004474272,26.068963289260864,0.4609291018946955,0.859514687100894,0.3524904214559387,0.5362666965580187,0.4316143497757847,1.5408618127786033,0.523793618591866
5,RACT,0.04,0.5,0.7118834080717489,0.7356979589208678,0.808921933085502,20.461337089538574,0.41464111903189577,1.0,0.6048284625158831,0.41464111903189577,0.6513452914798206,1.3138500635324015,0.5282397911820117
5,RACT,0.06,0.5,0.7118834080717489,0.7479717983388063,0.8077786088257293,22.723665237426758,0.4554027852805008,1.0,0.4980744544287548,0.4554027852805008,0.5616591928251121,1.4826700898587932,0.5302967034636114
5,RACT,0.08,0.5,0.7107623318385651,0.7638701092438778,0.8065967016491753,23.548584938049316,0.46380029151960994,0.9948453608247423,0.4742268041237113,0.4662034018383644,0.5426008968609866,1.516839378238342,0.5308799519489291
5,RACT,0.1,0.5,0.7152466367713004,0.7661934196123882,0.8090225563909773,26.594082832336426,0.4741267894683588,0.9235751295336787,0.3536269430051813,0.5133602825660211,0.4405829596412556,1.5708274894810659,0.5295373500505194
6,Baseline,0.0,0.1,0.7096412556053812,0.7374337346811753,0.8096987509184423,25.488352060317993,0.2876604235259462,0.3960149439601494,0.0136986301369863,0.7263877990293546,0.11210762331838564,1.820754716981132,0.5010316796235117
6,Baseline (OAF),0.0,0.1,0.6524663677130045,0.5898606013778894,0.7772988505747126,3.448700189590454,0.5040204097469255,1.0,0.06474820143884892,0.5040204097469255,0.12556053811659196,1.6103117505995204,0.5085783316569835
6,RACT,0.02,0.1,0.7107623318385651,0.7328836949756402,0.8102941176470589,27.004647970199585,0.4121774550662788,0.5860349127182045,0.02119700748129676,0.703332593538629,0.1199551569506726,1.7829787234042553,0.5110117908122666
6,RACT,0.04,0.1,0.7163677130044843,0.7292860515528083,0.8110530246452576,24.54905915260315,0.351485400472591,0.6350832266325224,0.04225352112676056,0.5534477777602693,0.16143497757847536,1.3689516129032258,0.5059063971732706
6,RACT,0.06,0.1,0.7152466367713004,0.7308554933144464,0.8104477611940298,21.953608989715576,0.5655396760084961,0.9040920716112532,0.052429667519181586,0.6255332767166111,0.16928251121076232,1.4922206506364921,0.5208085700774618
6,RACT,0.08,0.1,0.718609865470852,0.729404095035735,0.8108515448379805,23.648159980773926,0.5115944480041248,0.9973992197659298,0.0611183355006502,0.512928462210133,0.1905829596412556,1.2685788787483703,0.5172075478739449
6,RACT,0.1,0.1,0.7219730941704036,0.7341097375142188,0.8092307692307692,28.662966012954712,0.5215804868983509,0.9636118598382749,0.0660377358490566,0.5412765332567502,0.22309417040358748,1.234965034965035,0.518828461939258
6,Baseline,0.0,0.2,0.7085201793721974,0.7303618569312986,0.8091042584434656,24.63253402709961,0.28231134777322825,0.39552238805970147,0.0236318407960199,0.7137683132379733,0.1199551569506726,1.79874213836478,0.5008342870856005
6,Baseline (OAF),0.0,0.2,0.6513452914798207,0.5911295688193506,0.7760979121670266,3.4212629795074463,0.49739879138447296,1.0,0.13598074608904934,0.49739879138447296,0.19506726457399104,1.51985559566787,0.5109056407425197
6,RACT,0.02,0.2,0.7085201793721974,0.7295328697443823,0.8079763663220088,26.729355812072754,0.34391833932521965,0.5690954773869347,0.08668341708542714,0.6043244991233439,0.18497757847533636,1.5673289183222958,0.5053459138566958
6,RACT,0.04,0.2,0.7174887892376681,0.7357623462751915,0.812778603268945,24.5344181060791,0.4457693517154781,0.8730964467005076,0.19289340101522842,0.5105614086508674,0.2869955156950673,1.3270348837209303,0.5057579918527207
6,RACT,0.06,0.2,0.726457399103139,0.730455755156354,0.817910447761194,30.857438802719116,0.39993387909861705,0.8260869565217391,0.18797953964194372,0.4841304852246417,0.2881165919282511,1.2972136222910218,0.5041165560388451
6,RACT,0.08,0.2,0.7253363228699552,0.7343136308029103,0.8159278737791136,29.599300861358643,0.42351277207206134,0.981888745148771,0.2613195342820181,0.4313246018599518,0.3598654708520179,1.243741765480896,0.5090346387566561
6,RACT,0.1,0.2,0.7309417040358744,0.7325027364625588,0.8179059180576632,30.74306607246399,0.4125440333867998,0.9513157894736842,0.25526315789473686,0.4336562453305226,0.36547085201793716,1.1590594744121716,0.5086221653825911
6,Baseline,0.0,0.4,0.7062780269058296,0.7378146931942566,0.8073529411764706,25.328041791915894,0.2960683706266775,0.4027431421446384,0.07481296758104738,0.7351295146829576,0.16816143497757852,1.8544891640866874,0.5012718768069461
6,Baseline (OAF),0.0,0.4,0.6502242152466368,0.5912288326572662,0.7758620689655172,3.2365739345550537,0.5144012287187417,1.0,0.3764988009592326,0.5144012287187417,0.4170403587443946,1.5359712230215827,0.5089571069210839
6,RACT,0.02,0.4,0.6939461883408071,0.7191611400854206,0.8017429193899782,21.002640962600708,0.5359012291697389,0.927960927960928,0.36996336996337,0.5775040877500214,0.42152466367713004,1.3921052631578947,0.5199397951808126
6,RACT,0.04,0.4,0.7073991031390134,0.7294228746807461,0.8082292432035268,24.23685908317566,0.49435812215659464,0.9987546699875467,0.48692403486924035,0.4949745287927001,0.5381165919282511,1.2693266832917707,0.5202989996389296
6,RACT,0.06,0.4,0.7107623318385651,0.7373800785525723,0.8086053412462909,25.073217153549194,0.5064286648221835,0.9784810126582278,0.43544303797468353,0.5175661645660091,0.5,1.3001293661060802,0.5173794861905542
6,RACT,0.08,0.4,0.7242152466367713,0.7342787543193183,0.8139183055975796,26.525141954421997,0.5092027173355631,1.0,0.3403141361256545,0.5092027173355631,0.43497757847533636,1.5405759162303665,0.5190638939406774
6,RACT,0.1,0.4,0.7253363228699552,0.7323820101732019,0.8150943396226416,30.11276388168335,0.5364882825652887,0.9647979139504563,0.31681877444589307,0.5560628550372654,0.41255605381165916,1.4932432432432432,0.5203014827253287
6,Baseline,0.0,0.5,0.7073991031390134,0.7438349108235144,0.8082292432035268,24.817419052124023,0.2665055925246648,0.3449564134495641,0.057285180572851806,0.772577584105797,0.15134529147982068,1.8953068592057762,0.5014564789187131
6,Baseline (OAF),0.0,0.5,0.647982062780269,0.5873897366557208,0.7744252873563218,3.131099224090576,0.5011197648408872,1.0,0.39928057553956836,0.5011197648408872,0.4383408071748879,1.4244604316546763,0.5066911319178424
6,RACT,0.02,0.5,0.7073991031390134,0.7337314618075677,0.8076639646278556,24.72737193107605,0.5259437080311697,0.867334167709637,0.3404255319148936,0.6063910861715796,0.40919282511210764,1.658008658008658,0.520506076081812
6,RACT,0.04,0.5,0.7096412556053812,0.7265790998647865,0.8096987509184423,22.699037790298462,0.30572252088076873,1.0,0.8306351183063512,0.30572252088076873,0.8475336322869955,1.199252801992528,0.5138015233406492
6,RACT,0.06,0.5,0.7073991031390134,0.7329400339106733,0.8068097705403405,24.711700201034546,0.44174950960655684,1.0,0.501891551071879,0.44174950960655684,0.5571748878923767,1.4514501891551073,0.5145509649286815
6,RACT,0.08,0.5,0.7130044843049327,0.7352874895370549,0.8092399403874814,24.814818143844604,0.4330729733679751,0.9885204081632653,0.40816326530612246,0.4381022078974098,0.47982062780269064,1.5587096774193547,0.5160082213650986
6,RACT,0.1,0.5,0.7163677130044843,0.7331519756186551,0.8096313017306244,24.347332000732422,0.4204265681386028,0.8313878080415046,0.36186770428015563,0.5056924867938576,0.44843049327354256,1.4586583463338534,0.5100763182609998
7,Baseline,0.0,0.1,0.6928251121076233,0.7154374047603718,0.7997076023391813,25.922248125076294,0.4359526023691263,0.5641975308641975,0.008641975308641974,0.7726949845054537,0.09977578475336324,1.9540481400437637,0.5108427166880283
7,Baseline (OAF),0.0,0.1,0.6356502242152466,0.5590190586568798,0.7663551401869159,2.890947103500366,0.5561783998573719,1.0,0.06602641056422569,0.5561783998573719,0.12780269058295968,1.6782713085234093,0.509608392594333
7,RACT,0.02,0.1,0.6917040358744395,0.7063802502521839,0.7976453274466518,22.667656183242798,0.5200503775731585,0.7927590511860175,0.03620474406991261,0.6560005550174802,0.13452914798206284,1.5921259842519686,0.5129848819229383
7,RACT,0.04,0.1,0.7006726457399103,0.712250230721353,0.8023686158401184,23.347140073776245,0.5323953791114152,0.8284993694829761,0.03530895334174023,0.6426020329305211,0.1423766816143498,1.599695585996956,0.5135616067988475
7,RACT,0.06,0.1,0.7085201793721974,0.712269010366364,0.8039215686274509,24.2139630317688,0.5699548434040511,0.9596354166666666,0.059895833333333336,0.5939285206707072,0.1905829596412556,1.3690637720488468,0.5140512892081407
7,RACT,0.08,0.1,0.7174887892376681,0.7200196381430688,0.8079268292682926,27.169438123703003,0.5511957929598363,0.9721485411140584,0.05702917771883289,0.5669872140405411,0.202914798206278,1.4406548431105048,0.5161512661184285
7,RACT,0.1,0.1,0.7242152466367713,0.7284677955916125,0.8093023255813954,29.405522346496582,0.5081653238099217,0.9849726775956285,0.06830601092896176,0.5159181928278262,0.23542600896860988,1.2690707350901527,0.5154008457437526
7,Baseline,0.0,0.2,0.6961883408071748,0.7226863477346384,0.8014652014652015,27.15941619873047,0.3249329194948013,0.4485749690210657,0.042131350681536554,0.7243670332384106,0.13340807174887892,1.8895027624309393,0.5033200063708273
7,Baseline (OAF),0.0,0.2,0.6401345291479821,0.5532188311548945,0.7688984881209503,3.051586151123047,0.5290747516008611,1.0,0.11793020457280386,0.5290747516008611,0.1782511210762332,1.3754512635379061,0.5006676456225824
7,RACT,0.02,0.2,0.695067264573991,0.7153917970510593,0.8002936857562408,26.00355577468872,0.2981597236392689,0.6069651741293532,0.14925373134328357,0.4912303643565004,0.23318385650224216,1.3360655737704918,0.5015318446538315
7,RACT,0.04,0.2,0.7073991031390134,0.7218627261605821,0.8059479553903346,26.938256978988647,0.32693008636602444,0.7369758576874206,0.20584498094027953,0.44361030684493324,0.2993273542600897,1.2706896551724138,0.5012688306981233
7,RACT,0.06,0.2,0.7073991031390134,0.7301311355783058,0.8050784167289021,24.489052295684814,0.3676505445225407,0.9026888604353394,0.28297055057618437,0.40728379471220466,0.3721973094170403,1.1205673758865249,0.5050087100581727
7,RACT,0.08,0.2,0.7141255605381166,0.7275368617603503,0.8087021755438859,26.255497932434082,0.4075208762564023,0.9419354838709677,0.26064516129032256,0.43264202616261893,0.3576233183856502,1.2616438356164383,0.5107298640852797
7,RACT,0.1,0.2,0.7219730941704036,0.7385417337368274,0.812121212121212,30.20957088470459,0.424825303301952,0.9199475065616798,0.2099737532808399,0.4617929830472003,0.32511210762331844,1.2510699001426533,0.5062180542646844
7,Baseline,0.0,0.4,0.6939461883408071,0.7173824394222308,0.8005843681519357,22.808741331100464,0.4162283037487431,0.5326757090012331,0.08014796547472257,0.7813915609727561,0.16367713004484308,2.0439814814814814,0.509682565598235
7,Baseline (OAF),0.0,0.4,0.6401345291479821,0.5503106689846113,0.7658643326039388,4.010429859161377,0.5046403008325095,1.0,0.3628536285362854,0.5046403008325095,0.4192825112107623,1.4661746617466174,0.49887109572687427
7,RACT,0.02,0.4,0.6838565022421524,0.7011836541969825,0.7941605839416058,24.42471218109131,0.5359927449552317,0.9334975369458128,0.3682266009852217,0.5741769246749976,0.42488789237668156,1.4485488126649078,0.5179258397370308
7,RACT,0.04,0.4,0.6860986547085202,0.7106378640568326,0.7950219619326501,21.177919149398804,0.47559186746431353,1.0,0.5185643564356436,0.47559186746431353,0.5639013452914798,1.186881188118812,0.5166556429632319
7,RACT,0.06,0.4,0.6973094170403588,0.7155286201789969,0.801470588235294,22.26398277282715,0.4715560129461608,1.0,0.5199501246882793,0.4715560129461608,0.5683856502242153,1.1957605985037407,0.515894965342024
7,RACT,0.08,0.4,0.7040358744394619,0.7310325585388363,0.8023952095808384,25.379101037979126,0.5222801636503617,0.9652956298200515,0.38817480719794345,0.5410572134753414,0.4663677130044843,1.430093209054594,0.5173937002460028
7,RACT,0.1,0.4,0.7130044843049327,0.7364384134955894,0.8075187969924812,28.534653902053833,0.5394870221469285,1.0,0.3005181347150259,0.5394870221469285,0.3946188340807175,1.589378238341969,0.5195282047319637
7,Baseline,0.0,0.5,0.6939461883408071,0.7195903891142446,0.8002926115581566,24.352611780166626,0.4022721823212863,0.522867737948084,0.08281829419035847,0.7693574361652971,0.16816143497757852,2.0803782505910164,0.5075027432484019
7,Baseline (OAF),0.0,0.5,0.6412556053811659,0.5454145472495868,0.7697841726618705,3.0551769733428955,0.5168383931634107,1.0,0.37259615384615385,0.5168383931634107,0.4147982062780269,1.5396634615384615,0.5030149455218161
7,RACT,0.02,0.5,0.6883408071748879,0.703708175047754,0.7970802919708029,22.560773134231567,0.5095258364246099,0.958128078817734,0.39532019704433496,0.5317930323609039,0.4495515695067265,1.56426735218509,0.5155586260375847
7,RACT,0.04,0.5,0.6838565022421524,0.7060690447062864,0.7941605839416058,21.987699270248413,0.41342152250726516,1.0,0.5492610837438424,0.41342152250726516,0.5896860986547086,1.4187192118226601,0.5141433612992048
7,RACT,0.06,0.5,0.6883408071748879,0.716743931491855,0.7955882352941177,22.32027792930603,0.39608309658851687,0.9937655860349127,0.559850374064838,0.39856793408279856,0.6042600896860987,1.4178168130489335,0.514380958968694
7,RACT,0.08,0.5,0.6905829596412556,0.7339112098383878,0.7952522255192879,25.357395887374878,0.4700743904700879,0.9367088607594937,0.3949367088607595,0.5018361736099587,0.4641255605381166,1.5351351351351352,0.5130041362264911
7,RACT,0.1,0.5,0.6939461883408071,0.7312954735689909,0.7973273942093543,24.80440878868103,0.4888787910417513,1.0,0.3776932826362484,0.4888787910417513,0.4495515695067265,1.590621039290241,0.5150370767378459
8,Baseline,0.0,0.1,0.7118834080717489,0.7753605691842123,0.810611643330877,23.14458990097046,0.3309172074785152,0.4267834793491865,0.006257822277847309,0.7753749230948201,0.10986547085201792,2.058651026392962,0.5143430448668059
8,Baseline (OAF),0.0,0.1,0.6356502242152466,0.6127985963556756,0.7653429602888087,3.499901294708252,0.5200778829542458,1.0,0.07255139056831923,0.5200778829542458,0.14013452914798208,1.5743651753325272,0.5162597184837252
8,RACT,0.02,0.1,0.6995515695067265,0.7623918829008649,0.8040935672514621,21.252563953399658,0.5980544436714466,0.8098765432098766,0.02345679012345679,0.7384513709967555,0.11322869955156956,1.8658536585365855,0.5232360122840195
8,RACT,0.04,0.1,0.7141255605381166,0.7714007468933102,0.8104089219330854,23.060967922210693,0.5715114509436272,0.8742058449809402,0.052096569250317665,0.65374929054162,0.16367713004484308,1.6104651162790697,0.5149465282378222
8,RACT,0.06,0.1,0.7253363228699552,0.768650870302406,0.8136882129277566,26.344033241271973,0.51157011775927,0.9973579920739762,0.08982826948480846,0.5129252703890959,0.22757847533632292,1.266225165562914,0.5122865510695974
8,RACT,0.08,0.1,0.7197309417040358,0.7703839632562831,0.8076923076923076,25.685408115386963,0.5089238639751187,1.0,0.08490566037735849,0.5089238639751187,0.2387892376681614,1.238544474393531,0.5093470558936527
8,RACT,0.1,0.1,0.7197309417040358,0.7736167450046145,0.8046875,28.07226014137268,0.5130491395456538,0.981994459833795,0.08725761772853186,0.5224562464766742,0.2612107623318386,1.2369534555712272,0.5114354035908969
8,Baseline,0.0,0.2,0.7163677130044843,0.7813083510398559,0.8121752041573869,23.979261875152588,0.3578874907346868,0.47275031685678076,0.029150823827629912,0.7570327887122462,0.14125560538116588,1.8659517426273458,0.5129218281043881
8,Baseline (OAF),0.0,0.2,0.6356502242152466,0.6010666838366278,0.765003615328995,2.9807300567626953,0.5004951020910121,1.0,0.1709090909090909,0.5004951020910121,0.23318385650224216,1.490909090909091,0.5144785284174971
8,RACT,0.02,0.2,0.702914798206278,0.7676072586010775,0.8044280442804427,22.203840017318726,0.5157569587194404,0.8431618569636136,0.12923462986198245,0.6116938930050505,0.22197309417040356,1.6860119047619047,0.5160584802808439
8,RACT,0.04,0.2,0.7163677130044843,0.7690506084604982,0.8110530246452576,26.10474419593811,0.4541381131461722,0.9603072983354674,0.2266325224071703,0.4729091551562139,0.3228699551569507,1.316,0.5201983749729621
8,RACT,0.06,0.2,0.718609865470852,0.7727045908183633,0.8125466766243467,24.497619152069092,0.41972016820754243,0.971830985915493,0.2727272727272727,0.4318859701845726,0.36322869955156956,1.1725955204216074,0.5231580321270259
8,RACT,0.08,0.2,0.7230941704035875,0.7723182666924217,0.8135849056603773,24.564932107925415,0.4368601739796831,0.877444589308996,0.20078226857887874,0.49787779114772196,0.3127802690582959,1.2793462109955422,0.5207869599164912
8,RACT,0.1,0.2,0.7242152466367713,0.7792721009593715,0.8119266055045872,27.812796115875244,0.41791990681730024,0.9,0.228,0.46435545201922246,0.35089686098654704,1.24,0.5204856743778236
8,Baseline,0.0,0.4,0.7062780269058296,0.773144571072908,0.8067846607669616,24.853519201278687,0.3640366770854619,0.4724310776942356,0.07393483709273183,0.7705603934063624,0.17152466367713004,2.050397877984085,0.5155396192531732
8,Baseline (OAF),0.0,0.4,0.6345291479820628,0.603352434915116,0.7647907647907648,2.9113409519195557,0.47972873099170005,1.0,0.45893719806763283,0.47972873099170005,0.4977578475336323,1.4927536231884058,0.5118000448414342
8,RACT,0.02,0.4,0.7040358744394619,0.7622899362565192,0.8055964653902798,22.188517093658447,0.5498501063401899,0.985,0.4075,0.5582234582133908,0.46860986547085204,1.2868020304568528,0.5139208214195736
8,RACT,0.04,0.4,0.6883408071748879,0.7598646792436633,0.7979651162790699,19.58105230331421,0.48567100217310577,1.0,0.4902200488997555,0.48567100217310577,0.5325112107623318,1.1185819070904646,0.5129833784049949
8,RACT,0.06,0.4,0.702914798206278,0.7639666902753632,0.8032665181885672,19.54866313934326,0.459812203749717,1.0,0.5272496831432193,0.459812203749717,0.5818385650224216,1.120405576679341,0.5118314325524028
8,RACT,0.08,0.4,0.6939461883408071,0.7655119867791299,0.7985239852398524,21.327790021896362,0.45308976890574615,1.0,0.5232120451693852,0.45308976890574615,0.5739910313901345,1.1693851944792975,0.5118118120111992
8,RACT,0.1,0.4,0.695067264573991,0.7627272337046338,0.7985185185185185,25.780287981033325,0.46497682211783686,1.0,0.5252525252525253,0.46497682211783686,0.57847533632287,1.2323232323232323,0.5152921047848562
8,Baseline,0.0,0.5,0.7085201793721974,0.7740889189363209,0.8076923076923076,23.061177730560303,0.3548221093007807,0.45591939546599497,0.06801007556675064,0.7782562286873478,0.17040358744394624,2.157458563535912,0.5184817854556191
8,Baseline (OAF),0.0,0.5,0.6367713004484304,0.6052035713519198,0.7655571635311144,3.08439302444458,0.4768916845537526,1.0,0.49029126213592233,0.4768916845537526,0.5291479820627802,1.453883495145631,0.5118982521269589
8,RACT,0.02,0.5,0.6917040358744395,0.7598378511793618,0.7991234477720964,21.412748098373413,0.49668353374318647,0.8766954377311961,0.37731196054254007,0.5665405708378681,0.43385650224215244,1.4514767932489452,0.5162205933821898
8,RACT,0.04,0.5,0.6928251121076233,0.7633845212800205,0.7997076023391813,21.781693935394287,0.3340796551472881,1.0,0.7506172839506173,0.3340796551472881,0.773542600896861,1.280246913580247,0.5235075018207215
8,RACT,0.06,0.5,0.7006726457399103,0.7650103019766918,0.8035320088300222,22.558102130889893,0.41716087220653164,0.9550561797752809,0.5305867665418227,0.43679197207507425,0.57847533632287,1.4130718954248367,0.5250999037699076
8,RACT,0.08,0.5,0.7107623318385651,0.7751754555405318,0.8088888888888889,24.966818809509277,0.47702872236496857,0.9621212121212122,0.4015151515151515,0.4958093807257941,0.46860986547085204,1.531496062992126,0.5260536695557784
8,RACT,0.1,0.5,0.7073991031390134,0.7760929753396433,0.8047868362004488,27.642339944839478,0.4867672539165571,0.9922978177150192,0.3940949935815148,0.49054552496894954,0.47085201793721976,1.5342820181112549,0.5304909961049558
9,Baseline,0.0,0.1,0.7085201793721974,0.7459301826454617,0.808259587020649,24.656244039535522,0.2648913110079019,0.34711779448621555,0.002506265664160401,0.7631164844198763,0.1076233183856502,1.963898916967509,0.5061741401879026
9,Baseline (OAF),0.0,0.1,0.6580717488789237,0.6129756615800657,0.7791455467052861,3.5227599143981934,0.6171902662580772,1.0,0.04860267314702309,0.6171902662580772,0.12219730941704032,1.7266099635479952,0.5261810870013295
9,RACT,0.02,0.1,0.7040358744394619,0.7243845642049235,0.8050221565731167,22.350640058517456,0.44773181706996096,0.6582914572864321,0.020100502512562814,0.6801422259307041,0.12556053811659196,1.6221374045801527,0.5150538180591262
9,RACT,0.04,0.1,0.7163677130044843,0.7358428304680962,0.8113348247576434,22.481130123138428,0.6040165095478687,0.8914431673052363,0.04469987228607918,0.6775715286188841,0.16143497757847536,1.8610315186246418,0.5235466600170148
9,RACT,0.06,0.1,0.7253363228699552,0.7332673362951516,0.8125478194338178,23.069154977798462,0.5332390453347372,0.8304405874499332,0.03204272363150868,0.6421158279030839,0.18721973094170408,1.522508038585209,0.5185273896853494
9,RACT,0.08,0.1,0.7286995515695067,0.734005108063443,0.8149847094801222,25.10335111618042,0.5433875484158162,0.9066666666666666,0.04666666666666667,0.5993245019292089,0.19843049327354256,1.4205882352941177,0.5146288032013029
9,RACT,0.1,0.1,0.7309417040358744,0.7341177859335093,0.8151001540832049,25.87591791152954,0.5428934497016199,0.9864864864864865,0.06486486486486487,0.5503303462728749,0.22421524663677128,1.321917808219178,0.5142876052628411
9,Baseline,0.0,0.2,0.7040358744394619,0.7329775932006954,0.8058823529411765,24.753939151763916,0.29332483075752996,0.37281795511221943,0.0199501246882793,0.7867776396907661,0.1188340807174888,2.0468227424749164,0.5075877852490027
9,Baseline (OAF),0.0,0.2,0.655829596412556,0.6200448565235122,0.779295470884256,4.047291994094849,0.5669530470109269,1.0,0.10684273709483794,0.5669530470109269,0.1659192825112108,1.6650660264105641,0.5158104759857776
9,RACT,0.02,0.2,0.7107623318385651,0.7222141738029317,0.8088888888888889,21.41492486000061,0.4060343416513392,0.6452020202020202,0.07954545454545454,0.6293135001719387,0.18273542600896864,1.6203522504892367,0.5101655241030537
9,RACT,0.04,0.2,0.7230941704035875,0.7365430429463653,0.8147036759189797,24.003262996673584,0.4676094453663281,0.952258064516129,0.2129032258064516,0.4910532793481087,0.31614349775784756,1.3130081300813008,0.5145463984137101
9,RACT,0.06,0.2,0.7208520179372198,0.7356899105015775,0.8132033008252062,26.884236574172974,0.31980522554432317,0.704516129032258,0.1703225806451613,0.4539359886389202,0.27914798206278024,1.2362637362637363,0.5090105717702216
9,RACT,0.08,0.2,0.7298206278026906,0.7441917240787244,0.8170083523158693,28.27693796157837,0.44639879816229605,0.9986824769433466,0.24242424242424243,0.44698771478256294,0.3553811659192825,1.2585751978891822,0.5121189902245015
9,RACT,0.1,0.2,0.7275784753363229,0.7382090657394889,0.8146453089244852,27.022557973861694,0.4569099312745436,0.9721115537848606,0.22841965471447542,0.47001800307340336,0.3486547085201793,1.1967213114754098,0.5129384776688368
9,Baseline,0.0,0.4,0.7017937219730942,0.7430327517008993,0.8046989720998532,23.27715516090393,0.2336825336500492,0.30970149253731344,0.05970149253731343,0.7545411929905205,0.15246636771300448,2.0,0.5043327315734212
9,Baseline (OAF),0.0,0.4,0.6569506726457399,0.6115752366235271,0.7801724137931034,2.938762903213501,0.612710699373193,1.0,0.2637889688249401,0.612710699373193,0.3116591928251121,1.7290167865707433,0.5217416313824845
9,RACT,0.02,0.4,0.6883408071748879,0.7286690060738737,0.796783625730994,20.970045804977417,0.5324390522138301,0.9271604938271605,0.3333333333333333,0.5742684850775,0.3946188340807175,1.4367509986684421,0.515426342814231
9,RACT,0.04,0.4,0.6995515695067265,0.7295704290344043,0.8023598820058997,20.282201051712036,0.4843689526463123,1.0,0.49874686716791977,0.4843689526463123,0.5515695067264574,1.1203007518796992,0.5170374953726449
9,RACT,0.06,0.4,0.7130044843049327,0.7330902710707616,0.8086696562032883,22.220004081726074,0.4864772552053646,1.0,0.5,0.4864772552053646,0.5627802690582959,1.1217948717948718,0.5167438886663343
9,RACT,0.08,0.4,0.7253363228699552,0.7374042238104436,0.8150943396226416,25.678510189056396,0.550687081805407,0.9791395045632334,0.3324641460234681,0.5624194297533252,0.4260089686098655,1.5099866844207723,0.5177742868666371
9,RACT,0.1,0.4,0.7298206278026906,0.7416162299057799,0.8172858225928734,26.16023015975952,0.4920904362722804,0.8685939553219448,0.32982917214191854,0.5665367957688433,0.4282511210762332,1.3358547655068078,0.5143026938447962
9,Baseline,0.0,0.5,0.7062780269058296,0.7448141351705192,0.8073529411764706,24.606587886810303,0.3258138026152504,0.4376558603491272,0.09102244389027432,0.7444520504200309,0.18273542600896864,2.0655270655270654,0.5091046942219306
9,Baseline (OAF),0.0,0.5,0.6603139013452914,0.6139495203142102,0.7789934354485777,2.953313112258911,0.5220326877706399,1.0,0.37761377613776137,0.5220326877706399,0.43273542600896864,1.3394833948339484,0.5064560758763087
9,RACT,0.02,0.5,0.6961883408071748,0.7304638035756443,0.8014652014652015,21.802655935287476,0.5565382813209254,0.9925650557620818,0.3543990086741016,0.5607071073982357,0.4159192825112108,1.5181023720349562,0.521074738993399
9,RACT,0.04,0.5,0.6939461883408071,0.7258332796772047,0.7999999999999999,21.21761703491211,0.4398669251419923,0.9566294919454771,0.5551425030978935,0.45980907848392205,0.5975336322869955,1.2927461139896372,0.5180013242060765
9,RACT,0.06,0.5,0.7118834080717489,0.7281887837228769,0.808921933085502,22.30675506591797,0.33393964104605905,0.9987293519695044,0.7801778907242694,0.3343645006402653,0.8060538116591929,1.159033078880407,0.519268874341564
9,RACT,0.08,0.5,0.7130044843049327,0.7357918571459232,0.8083832335329342,22.61228895187378,0.4864816627358449,1.0,0.39203084832904883,0.4864816627358449,0.46973094170403584,1.5861182519280206,0.5217406340237231
9,RACT,0.1,0.5,0.718609865470852,0.7418308544201919,0.811419984973704,24.091876983642578,0.46235134368075126,1.0,0.4372574385510996,0.46235134368075126,0.5123318385650224,1.536869340232859,0.5218216379763355
10,Baseline,0.0,0.1,0.6984304932735426,0.7659626982593952,0.8026412325752018,26.97400999069214,0.3498395364264476,0.4894409937888199,0.024844720496894408,0.7147736721403307,0.1199551569506726,1.9619289340101522,0.5033010734328974
10,Baseline (OAF),0.0,0.1,0.6345291479820628,0.5781447856974224,0.7651296829971183,3.519101858139038,0.5146491967743707,1.0,0.08072289156626505,0.5146491967743707,0.14461883408071752,1.4698795180722892,0.503109665689643
10,RACT,0.02,0.1,0.6973094170403588,0.7504212006095337,0.8017621145374448,21.276127099990845,0.4244019981717714,0.6094527363184079,0.033582089552238806,0.6963657276124575,0.12892376681614348,1.7346938775510203,0.5051867544240431
10,RACT,0.04,0.1,0.7062780269058296,0.7480603309510012,0.8044776119402984,24.458585023880005,0.5261371713800466,0.8069053708439897,0.03580562659846547,0.6520432139765395,0.1547085201793722,1.6323296354992076,0.5103055333636495
10,RACT,0.06,0.1,0.6995515695067265,0.7583971841263709,0.7987987987987989,24.36075520515442,0.579514110374957,0.9780361757105943,0.04392764857881137,0.5925282977942097,0.17040358744394624,1.464993394980185,0.5146830377503457
10,RACT,0.08,0.1,0.718609865470852,0.7651498079110596,0.8088347296268088,25.561125993728638,0.6056965593932967,0.9642384105960264,0.046357615894039736,0.6281605801400261,0.19282511210762332,1.5123626373626373,0.5185477883506455
10,RACT,0.1,0.1,0.7174887892376681,0.7683584444015195,0.8076335877862595,27.701609134674072,0.5813346829744012,0.9547872340425532,0.057180851063829786,0.6088630662907377,0.20515695067264572,1.4958217270194987,0.51340542751962
10,Baseline,0.0,0.2,0.6995515695067265,0.7636474363101753,0.803230543318649,23.63479709625244,0.3536674626717108,0.4664179104477612,0.033582089552238806,0.7582630399681481,0.12892376681614348,1.92,0.5074370232002695
10,Baseline (OAF),0.0,0.2,0.6334080717488789,0.5757409911360076,0.7642393655371305,3.417127847671509,0.5202102383074599,1.0,0.13148371531966224,0.5202102383074599,0.19282511210762332,1.4294330518697225,0.5034651376281313
10,RACT,0.02,0.2,0.7006726457399103,0.7602724658210461,0.8038207200587802,22.662161827087402,0.30887238972734055,0.6176836861768369,0.1444582814445828,0.5000494535303518,0.22982062780269064,1.3911290322580645,0.5026077073096776
10,RACT,0.04,0.2,0.7062780269058296,0.7524306226257162,0.8056379821958457,24.9738872051239,0.41407500426762156,0.8177215189873418,0.18354430379746836,0.5063765532065342,0.2769058295964125,1.4195046439628483,0.5099956125465254
10,RACT,0.06,0.2,0.7062780269058296,0.753334728392677,0.8033033033033034,23.684781074523926,0.4014606145450735,0.9987080103359173,0.27906976744186046,0.4019799685095562,0.37443946188340804,1.1332470892626132,0.5128115211022377
10,RACT,0.08,0.2,0.7141255605381166,0.7487068873006675,0.806378132118451,25.480984210968018,0.4301082329978132,1.0,0.2595520421607378,0.4301082329978132,0.3699551569506726,1.1291172595520422,0.5109216675251085
10,RACT,0.1,0.2,0.7107623318385651,0.7582710922241539,0.8042488619119877,30.521010875701904,0.3976019228997613,1.0,0.2789473684210526,0.3976019228997613,0.38565022421524664,1.106578947368421,0.5121670797545405
10,Baseline,0.0,0.4,0.6928251121076233,0.7598163887279205,0.8,22.432495832443237,0.28900245434119093,0.3866995073891626,0.06773399014778325,0.7473566653663918,0.15134529147982068,1.8789808917197452,0.4993719864041957
10,Baseline (OAF),0.0,0.4,0.6367713004484304,0.5783191681153821,0.7652173913043477,3.7739169597625732,0.5071538081358122,1.0,0.3819951338199513,0.5071538081358122,0.4304932735426009,1.4184914841849148,0.5049090696873463
10,RACT,0.02,0.4,0.6973094170403588,0.7522186809177345,0.8017621145374448,20.654345989227295,0.5628084632524194,0.9813432835820896,0.3756218905472637,0.5735082439226175,0.4372197309417041,1.3929024081115335,0.5185315188983709
10,RACT,0.04,0.4,0.7006726457399103,0.7523447728199515,0.8029520295202952,21.488881826400757,0.469005749525507,1.0,0.5131744040150564,0.469005749525507,0.5650224215246638,1.136762860727729,0.5176995906021385
10,RACT,0.06,0.4,0.7062780269058296,0.7588398471873458,0.8067846607669616,21.299386978149414,0.49956026527955877,0.9912280701754386,0.46365914786967416,0.5039811525829178,0.5201793721973094,1.1238938053097345,0.5197948033937121
10,RACT,0.08,0.4,0.7118834080717489,0.7480227716609791,0.8074906367041198,23.764956951141357,0.48499559488160754,1.0,0.3938223938223938,0.48499559488160754,0.47197309417040356,1.4272844272844274,0.5197000949929399
10,RACT,0.1,0.4,0.718609865470852,0.7613268087480952,0.8102796674225246,27.359050989151,0.49827750252432995,0.807843137254902,0.25620915032679736,0.6167998210859423,0.36210762331838564,1.4530744336569579,0.5126143354573858
10,Baseline,0.0,0.5,0.702914798206278,0.7604441654325758,0.8052902277736959,25.295331954956055,0.29420612923721334,0.41718555417185554,0.09339975093399751,0.7052164829178577,0.18385650224215244,1.7074626865671643,0.4992152243349453
10,Baseline (OAF),0.0,0.5,0.6367713004484304,0.5740159466014209,0.7662337662337663,2.889742136001587,0.518990243021348,1.0,0.3804347826086957,0.518990243021348,0.42488789237668156,1.4927536231884058,0.5065136919500615
10,RACT,0.02,0.5,0.7006726457399103,0.7557385229540918,0.8035320088300222,22.136371850967407,0.47922277911211564,0.9937578027465668,0.5131086142322098,0.48223297244824703,0.5627802690582959,1.39321608040201,0.5146674033410367
10,RACT,0.04,0.5,0.6973094170403588,0.7504560770931256,0.8002958579881656,21.48253321647644,0.35928049212781293,1.0,0.7468513853904282,0.35928049212781293,0.7746636771300448,1.1775818639798488,0.5163445600215065
10,RACT,0.06,0.5,0.6939461883408071,0.7556365763097461,0.7979274611398962,21.8070969581604,0.3449021092821502,1.0,0.7805800756620429,0.3449021092821502,0.804932735426009,1.1185372005044136,0.5157442282649363
10,RACT,0.08,0.5,0.7051569506726457,0.7595346940527548,0.8044609665427509,23.859436988830566,0.42767936996531597,1.0,0.5120711562897078,0.42767936996531597,0.5695067264573991,1.4510800508259212,0.5185591111664516
10,RACT,0.1,0.5,0.7073991031390134,0.7641491211126135,0.8062360801781737,25.896762132644653,0.4359768981962654,0.9949302915082383,0.42712294043092525,0.4381984365310234,0.49327354260089684,1.5707006369426753,0.5201805050073842
